Pokemon,Score,Dex,Type 1,Type 2,Attack,Defense,Stamina,Stat Product,Level,CP,Fast Move,Charged Move 1,Charged Move 2,Charged Move 1 Count,Charged Move 2 Count,Buddy Distance,Charged Move Cost
Registeel,97.9,379,steel,none,122.8,242.2,171,5086235,49,2500,Lock On,Focus Blast,Zap Cannon,15,16,20,100000
Feraligatr (Shadow),96.5,160,water,none,159.8,150.6,162,3898223,35.5,2496,Shadow Claw,Hydro Cannon,Ice Beam,5,7,3,10000
Giratina (Altered),95.2,487,ghost,dragon,133.8,165.3,209,4623396,27.5,2489,Shadow Claw,Dragon Claw,Shadow Sneak,5,6,20,100000
Poliwrath,94.8,62,water,fighting,149.3,157.3,177,4158735,42.5,2494,Counter,Icy Wind,Scald,7,8,3,50000
Zygarde (Complete Forme),94.4,718,dragon,ground,126.2,146.9,266,4934387,25,2498,Dragon Tail,Crunch,Earthquake,5,8,20,100000
Feraligatr,94.3,160,water,none,159.8,150.6,162,3898223,35.5,2496,Shadow Claw,Hydro Cannon,Ice Beam,5,7,3,10000
Cresselia,93.8,488,psychic,none,120,207.9,208,5191239,35.5,2500,Psycho Cut,Grass Knot,Moonblast,6,7,20,100000
Pidgeot,93.7,18,normal,flying,152.1,142,176,3801427,50,2407,Wing Attack,Feather Dance,Brave Bird,7,7,1,10000
Mandibuzz,92.9,630,dark,flying,121,184.9,215,4809416,50,2417,Snarl,Dark Pulse,Aerial Ace,4,4,5,75000
Poliwrath (Shadow),92.8,62,water,fighting,149.3,157.3,177,4158735,42.5,2494,Counter,Icy Wind,Scald,7,8,3,50000
Registeel (Shadow),92.6,379,steel,none,122.8,242.2,171,5086235,49,2500,Lock On,Focus Blast,Zap Cannon,15,16,20,100000
Virizion,92.6,640,grass,fighting,146.2,179.3,163,4272667,30.5,2500,Double Kick,Leaf Blade,Sacred Sword,3,3,20,100000
Tapu Fini,91.8,788,water,fairy,148.1,201.8,141,4214757,36,2500,Water Gun,Surf,Moonblast,14,20,20,100000
Cobalion,91.7,638,steel,fighting,146.2,179.3,163,4272667,30.5,2500,Double Kick,Sacred Sword,Stone Edge,3,5,20,100000
Empoleon (Shadow),91.5,395,water,steel,161.2,150.7,158,3838286,33,2488,Steel Wing,Hydro Cannon,Drill Peck,6,6,3,10000
Swampert,91.3,260,water,ground,158.5,140.7,176,3927038,31.5,2497,Mud Shot,Hydro Cannon,Earthquake,5,8,3,10000
Skarmory,90.9,227,steel,flying,137,202.5,149,4132945,50,2383,Steel Wing,Brave Bird,Sky Attack,8,8,5,75000
Talonflame,90.9,663,fire,flying,160.5,142.9,168,3851770,50,2493,Incinerate,Fly,Flame Charge,3,3,1,10000
Guzzlord,90.7,799,dark,dragon,146.2,86.1,339,4265717,35,2499,Dragon Tail,Dragon Claw,Crunch,4,5,20,100000
Lanturn,90.7,171,water,electric,135.3,127.7,237,4095308,50,2357,Spark,Surf,Thunderbolt,6,8,3,50000
Regirock,90.7,377,rock,none,133.9,237.1,146,4634630,30,2494,Lock On,Stone Edge,Focus Blast,11,15,20,100000
Swampert (Shadow),90.6,260,water,ground,158.5,140.7,176,3927038,31.5,2497,Mud Shot,Hydro Cannon,Earthquake,5,8,3,10000
Gliscor,90.4,472,ground,flying,148.8,185.8,151,4176599,39.5,2494,Wing Attack,Night Slash,Earthquake,5,9,5,75000
Annihilape,90.2,979,fighting,ghost,159.7,137.6,177,3891918,28.5,2497,Counter,Ice Punch,Shadow Ball,6,8,3,50000
Pelipper,90.2,279,water,flying,159.7,158.8,142,3600580,50,2404,Wing Attack,Weather Ball (Water),Hurricane,5,9,3,50000
Jellicent,90.1,593,water,ghost,141.5,158,197,4404417,46.5,2499,Hex,Surf,Shadow Ball,4,5,3,50000
Gliscor (Shadow),89.9,472,ground,flying,148.8,185.8,151,4176599,39.5,2494,Wing Attack,Night Slash,Earthquake,5,9,5,75000
Tentacruel,89.5,73,water,poison,141.2,185.2,168,4390693,48,2493,Poison Jab,Scald,Blizzard,8,11,3,50000
Zapdos (Shadow),89.5,145,electric,flying,175.7,134.9,149,3531634,26,2498,Thunder Shock,Drill Peck,Thunderbolt,5,7,20,100000
Skarmory (Shadow),89.4,227,steel,flying,137,202.5,149,4132945,50,2383,Steel Wing,Brave Bird,Sky Attack,8,8,5,75000
Skeledirge,89.4,911,fire,ghost,157,140.7,180,3978753,31.5,2499,Incinerate,Shadow Ball,Disarming Voice,3,3,3,10000
Deoxys (Defense),89.3,386,psychic,none,130.2,288.2,126,4730043,50,2490,Counter,Psycho Boost,Rock Slide,5,7,20,100000
Gallade (Shadow),89.3,475,psychic,fighting,177,149.5,133,3519444,29.5,2500,Psycho Cut,Close Combat,Leaf Blade,5,4,5,75000
Meganium (Shadow),89.1,154,grass,none,144.1,179.1,168,4333903,48.5,2500,Vine Whip,Frenzy Plant,Earthquake,6,9,3,10000
Staraptor (Shadow),88.9,398,normal,flying,182,117.3,160,3415476,35,2498,Wing Attack,Fly,Close Combat,6,6,1,10000
Venusaur (Shadow),88.9,3,grass,poison,158.5,155.4,160,3939799,39,2499,Vine Whip,Frenzy Plant,Sludge Bomb,6,7,3,10000
Dragonite (Shadow),88.7,149,dragon,flying,176,138.1,145,3524817,24,2499,Dragon Breath,Dragon Claw,Superpower,12,14,5,75000
Goodra,88.7,706,dragon,none,154.6,173.7,150,4028671,26,2500,Dragon Breath,Aqua Tail,Power Whip,12,17,5,75000
Regirock (Shadow),88.7,377,rock,none,133.9,237.1,146,4634630,30,2494,Lock On,Stone Edge,Focus Blast,11,15,20,100000
Greedent,88.6,820,normal,none,138.6,142.9,227,4496012,50,2500,Mud Shot,Body Slam,Crunch,4,5,1,10000
Empoleon,88.5,395,water,steel,161.2,150.7,158,3838286,33,2488,Steel Wing,Hydro Cannon,Drill Peck,6,6,3,10000
Bellibolt,88.4,939,electric,none,148.6,139.9,201,4177449,40,2494,Thunder Shock,Discharge,Zap Cannon,5,9,1,50000
Charizard,88.4,6,fire,flying,172.3,139,151,3617527,34,2497,Wing Attack,Blast Burn,Dragon Claw,7,5,3,10000
Trevenant,88.3,709,ghost,grass,165.7,133.7,170,3763929,42,2500,Shadow Claw,Shadow Ball,Seed Bomb,7,6,5,75000
Buzzwole,88.1,794,bug,fighting,166.4,142.4,158,3743017,26.5,2497,Counter,Superpower,Lunge,6,7,20,100000
Walrein,88,365,ice,water,146.4,148,197,4269506,38,2500,Powder Snow,Icicle Spear,Earthquake,5,9,3,50000
Dragalge,87.9,691,poison,dragon,150.7,184.9,147,4096701,48.5,2488,Dragon Tail,Aqua Tail,Outrage,4,7,3,50000
Walrein (Shadow),87.9,365,ice,water,146.4,148,197,4269506,38,2500,Powder Snow,Icicle Spear,Earthquake,5,9,3,50000
Abomasnow,87.8,460,grass,ice,152.9,143.7,185,4062901,49,2495,Powder Snow,Icy Wind,Energy Ball,6,7,3,50000
Aurorus,87.8,699,rock,ice,147.1,134.8,214,4244259,36.5,2499,Powder Snow,Weather Ball (Ice),Meteor Beam,5,8,5,75000
Florges,87.8,671,fairy,none,155.5,180.4,143,4011420,28.5,2500,Fairy Wind,Disarming Voice,Moonblast,5,7,3,50000
Scrafty,87.8,560,dark,fighting,146.2,196.3,148,4246710,49,2497,Counter,Foul Play,Power-Up Punch,7,5,3,50000
Venusaur,87.8,3,grass,poison,158.5,155.4,160,3939799,39,2499,Vine Whip,Frenzy Plant,Sludge Bomb,6,7,3,10000
Serperior,87.7,497,grass,none,144.9,182.6,162,4288468,49.5,2497,Vine Whip,Frenzy Plant,Aerial Ace,6,5,3,10000
Stunfisk (Galarian),87.7,618,ground,steel,133.6,156.3,214,4468817,50,2445,Mud Shot,Rock Slide,Earthquake,5,8,5,75000
Hitmontop,87.6,237,fighting,none,158,186.5,127,3742685,50,2438,Counter,Close Combat,Triple Axel,7,7,5,75000
Meganium,87.4,154,grass,none,144.1,179.1,168,4333903,48.5,2500,Vine Whip,Frenzy Plant,Earthquake,6,9,3,10000
Sneasler (Shadow),87.4,903,fighting,poison,189,121.2,144,3299456,28.5,2497,Shadow Claw,Close Combat,Aerial Ace,6,5,5,75000
Greninja,87.3,658,water,dark,179.7,129.5,149,3466117,39,2496,Water Shuriken,Hydro Cannon,Night Slash,3,3,3,10000
Machamp (Shadow),87.3,68,fighting,none,174.1,126.6,161,3549074,30,2491,Counter,Cross Chop,Payback,5,9,3,50000
Politoed,87.3,186,water,none,147.2,158.7,181,4227183,45.5,2498,Mud Shot,Surf,Blizzard,5,9,3,50000
Bombirdier,87.2,962,flying,dark,165.7,148.5,153,3764149,46,2500,Wing Attack,Fly,Payback,6,8,5,75000
Charizard (Shadow),87.2,6,fire,flying,172.3,139,151,3617527,34,2497,Wing Attack,Blast Burn,Dragon Claw,7,5,3,10000
Toxicroak (Shadow),87.2,454,poison,fighting,175.8,119.9,168,3542602,44,2499,Counter,Mud Bomb,Shadow Ball,6,8,3,50000
Giratina (Origin),87,487,ghost,dragon,153,134.3,197,4045432,25,2487,Shadow Claw,Shadow Ball,Dragon Pulse,7,8,20,100000
Ninetales (Alolan) (Shadow),87,38,ice,fairy,151.5,171.4,158,4101411,47.5,2500,Powder Snow,Weather Ball (Ice),Dazzling Gleam,5,9,3,50000
Abomasnow (Shadow),86.9,460,grass,ice,152.9,143.7,185,4062901,49,2495,Powder Snow,Icy Wind,Energy Ball,6,7,3,50000
Gengar (Shadow),86.9,94,ghost,poison,200.3,120.9,128,3099260,34,2495,Shadow Claw,Shadow Ball,Shadow Punch,7,5,3,50000
Clefable,86.7,36,fairy,none,151.1,143.6,190,4124214,48,2497,Fairy Wind,Moonblast,Meteor Mash,7,6,1,10000
Cofagrigus,86.7,563,ghost,none,146.2,209.7,138,4229372,49,2492,Shadow Claw,Shadow Ball,Dark Pulse,7,7,3,50000
Blastoise,86.6,9,water,none,144.4,182.1,164,4311763,46,2495,Water Gun,Hydro Cannon,Ice Beam,14,19,3,10000
Dubwool,86.6,832,normal,none,146.2,179,160,4187141,50,2478,Double Kick,Body Slam,Payback,3,5,3,10000
Kommo-o,86.6,784,dragon,fighting,160.4,176.5,137,3879949,27.5,2497,Dragon Tail,Close Combat,Dragon Claw,5,4,5,75000
Tentacruel (Shadow),86.6,73,water,poison,141.2,185.2,168,4390693,48,2493,Poison Jab,Scald,Blizzard,8,11,3,50000
Hippowdon (Shadow),86.5,450,ground,none,150.6,150.6,182,4129027,30.5,2500,Sand Attack,Weather Ball (Rock),Scorching Sands,9,13,3,50000
Politoed (Shadow),86.4,186,water,none,147.2,158.7,181,4227183,45.5,2498,Mud Shot,Weather Ball (Water),Blizzard,4,9,3,50000
Mewtwo (Armored),86.3,150,psychic,none,135,208.2,164,4608972,29.5,2499,Confusion,Psystrike,Dynamic Punch,4,5,20,100000
Obstagoon,86.3,862,dark,normal,146.7,164.9,176,4256762,40.5,2498,Counter,Night Slash,Cross Chop,5,5,3,10000
Gengar,86.1,94,ghost,poison,200.3,120.9,128,3099260,34,2495,Shadow Claw,Shadow Ball,Shadow Punch,7,5,3,50000
Gallade,86,475,psychic,fighting,177,149.5,133,3519444,29.5,2500,Psycho Cut,Close Combat,Leaf Blade,5,4,5,75000
Gyarados (Shadow),85.9,130,water,flying,167.3,139.5,158,3687813,27,2485,Dragon Breath,Aqua Tail,Crunch,12,15,1,10000
Lickilicky,85.9,463,normal,none,136.6,159.8,209,4560814,47.5,2498,Lick,Body Slam,Shadow Ball,12,19,3,50000
Nidoqueen (Shadow),85.8,31,poison,ground,151.8,152.6,178,4121450,46,2500,Poison Jab,Poison Fang,Earth Power,6,8,3,50000
Kyurem,85.7,646,dragon,ice,170.3,121.2,177,3654583,26,2495,Dragon Breath,Glaciate,Dragon Claw,14,12,20,100000
Skuntank (Shadow),85.7,435,poison,dark,157.5,122.3,204,3930298,49.5,2490,Poison Jab,Crunch,Trailblaze,7,8,3,50000
Sneasler,85.7,903,fighting,poison,189,121.2,144,3299456,28.5,2497,Shadow Claw,Close Combat,Aerial Ace,6,5,5,75000
Gogoat,85.6,673,grass,none,154.8,121.7,214,4032586,36.5,2499,Vine Whip,Leaf Blade,Brick Break,5,5,3,50000
Toxicroak,85.6,454,poison,fighting,175.8,119.9,168,3542602,44,2499,Counter,Mud Bomb,Shadow Ball,6,8,3,50000
Zapdos,85.6,145,electric,flying,175.7,134.9,149,3531634,26,2498,Thunder Shock,Drill Peck,Thunderbolt,5,7,20,100000
Hitmontop (Shadow),85.5,237,fighting,none,158,186.5,127,3742685,50,2438,Counter,Close Combat,Triple Axel,7,7,5,75000
Steelix,85.5,208,steel,ground,127,237.5,162,4887002,48,2497,Dragon Tail,Breaking Swipe,Earthquake,4,8,5,75000
Hippowdon,85.4,450,ground,none,150.6,150.6,182,4129027,30.5,2500,Sand Attack,Weather Ball (Rock),Scorching Sands,9,13,3,50000
Nidoqueen,85.4,31,poison,ground,151.8,152.6,178,4121450,46,2500,Poison Jab,Poison Fang,Earth Power,6,8,3,50000
Runerigus,85.4,867,ground,ghost,146.2,209.7,138,4229372,49,2492,Shadow Claw,Sand Tomb,Shadow Ball,5,7,3,50000
Stunfisk,85.4,618,ground,electric,133.6,156.3,214,4468817,50,2445,Mud Shot,Mud Bomb,Discharge,5,5,5,75000
Drapion (Shadow),85.3,452,poison,dark,152.7,177.4,151,4090824,47,2499,Poison Sting,Crunch,Aqua Tail,5,4,5,75000
Regice,85.3,378,ice,none,133.9,237.1,146,4634630,30,2494,Lock On,Thunder,Blizzard,12,15,20,100000
Weezing (Galarian),85.3,110,poison,fairy,154.9,175.7,147,4001272,48.5,2493,Fairy Wind,Brutal Swing,Play Rough,5,7,3,50000
Raikou,85.2,243,electric,none,170.1,141.6,152,3660484,27,2500,Volt Switch,Wild Charge,Shadow Ball,3,4,20,100000
Gyarados,85.1,130,water,flying,167.3,139.5,158,3687813,27,2485,Dragon Breath,Aqua Tail,Crunch,12,15,1,10000
Sandslash (Alolan) (Shadow),85.1,28,ice,steel,150.3,174.4,158,4140235,48,2499,Shadow Claw,Ice Punch,Drill Run,5,6,3,50000
Machamp,85,68,fighting,none,174.1,126.6,161,3549074,30,2491,Counter,Cross Chop,Payback,5,9,3,50000
Ninetales (Alolan),84.9,38,ice,fairy,151.5,171.4,158,4101411,47.5,2500,Powder Snow,Weather Ball (Ice),Dazzling Gleam,5,9,3,50000
Dragonite,84.8,149,dragon,flying,176,138.1,145,3524817,24,2499,Dragon Breath,Dragon Claw,Superpower,12,14,5,75000
Umbreon,84.8,197,dark,none,118.5,214.3,194,4925267,50,2416,Snarl,Foul Play,Last Resort,4,5,5,75000
Golisopod,84.7,768,bug,water,161.1,171.2,140,3861521,29.5,2500,Shadow Claw,Aerial Ace,Liquidation,5,6,1,10000
Moltres (Galarian),84.7,146,dark,flying,149.5,172.7,161,4155616,29.5,2492,Wing Attack,Ancient Power,Payback,6,8,20,100000
Chesnaught,84.5,652,grass,fighting,153.1,162.1,163,4043784,32.5,2492,Vine Whip,Frenzy Plant,Superpower,6,5,3,10000
Escavalier,84.5,589,bug,steel,172.3,151.1,139,3619610,34,2497,Counter,Megahorn,Drill Run,8,7,3,50000
Flygon (Shadow),84.5,330,ground,dragon,165.7,141.9,160,3762278,40.5,2497,Dragon Tail,Dragon Claw,Scorching Sands,4,6,5,75000
Mantine,84.5,226,water,flying,137,202.5,149,4132945,50,2383,Wing Attack,Bubble Beam,Ice Beam,5,7,5,75000
Whiscash,84.5,340,water,ground,139.5,131.1,215,3931334,50,2346,Mud Shot,Mud Bomb,Scald,5,6,1,10000
Salazzle,84.4,758,poison,fire,190.3,118.9,145,3282233,46,2500,Incinerate,Poison Fang,Dragon Pulse,2,3,3,50000
Samurott,84.3,503,water,none,165.1,130,175,3755605,35.5,2496,Fury Cutter,Hydro Cannon,Megahorn,10,14,3,10000
Staraptor,84.3,398,normal,flying,182,117.3,160,3415476,35,2498,Wing Attack,Fly,Close Combat,6,6,1,10000
Whiscash (Shadow),84.3,340,water,ground,139.5,131.1,215,3931334,50,2346,Mud Shot,Mud Bomb,Scald,5,6,1,10000
Ho-Oh,84.1,250,fire,flying,158,167.1,148,3907144,23.5,2487,Incinerate,Brave Bird,Sacred Fire,3,4,20,100000
Suicune,84.1,245,water,none,136.9,185.2,178,4511669,32,2488,Snarl,Ice Beam,Scald,5,4,20,100000
Gastrodon,84,423,water,ground,150.2,129.6,213,4145475,47,2499,Mud Slap,Body Slam,Earth Power,4,7,3,50000
Ferrothorn,83.9,598,grass,steel,141.2,195.1,160,4406632,48,2495,Bullet Seed,Power Whip,Flash Cannon,4,6,3,75000
Sirfetch'd,83.9,865,fighting,none,187.4,139.4,127,3318491,31,2499,Counter,Leaf Blade,Night Slash,5,5,3,50000
Articuno,83.8,144,ice,flying,144.6,184.4,161,4294013,31,2496,Ice Shard,Icy Wind,Ancient Power,5,5,20,100000
Skuntank,83.8,435,poison,dark,157.5,122.3,204,3930298,49.5,2490,Poison Jab,Crunch,Trailblaze,7,8,3,50000
Turtonator,83.8,776,fire,dragon,150.4,192.4,142,4110036,50,2486,Incinerate,Dragon Pulse,Overheat,3,3,5,75000
Ferrothorn (Shadow),83.7,598,grass,steel,141.2,195.1,160,4406632,48,2495,Bullet Seed,Power Whip,Flash Cannon,4,6,3,75000
Sandslash (Alolan),83.7,28,ice,steel,150.3,174.4,158,4140235,48,2499,Shadow Claw,Ice Punch,Drill Run,5,6,3,50000
Ninetales,83.6,38,fire,none,151.6,170.1,159,4100684,49.5,2495,Fire Spin,Weather Ball (Fire),Overheat,4,6,3,50000
Blastoise (Shadow),83.5,9,water,none,144.4,182.1,164,4311763,46,2495,Water Gun,Hydro Cannon,Ice Beam,14,19,3,10000
Drapion,83.5,452,poison,dark,152.7,177.4,151,4090824,47,2499,Poison Sting,Crunch,Aqua Tail,5,4,5,75000
Lapras,83.5,131,water,ice,134.8,147.6,232,4616775,41.5,2500,Ice Shard,Surf,Ice Beam,4,6,5,75000
Overqwil,83.4,904,dark,poison,170.1,140,154,3667917,33.5,2500,Poison Jab,Aqua Tail,Shadow Ball,5,8,5,75000
Lapras (Shadow),83.3,131,water,ice,134.8,147.6,232,4616775,41.5,2500,Ice Shard,Surf,Ice Beam,4,6,5,75000
Regice (Shadow),83.3,378,ice,none,133.9,237.1,146,4634630,30,2494,Lock On,Thunder,Blizzard,12,15,20,100000
Decidueye,83.2,724,grass,ghost,165.5,148.5,153,3758157,37,2494,Leafage,Frenzy Plant,Brave Bird,7,8,3,10000
Incineroar,83.2,727,fire,dark,163,140,168,3833353,31.5,2500,Snarl,Darkest Lariat,Blast Burn,5,4,3,10000
Mew,83.1,151,psychic,none,155.5,154.8,166,3996896,27.5,2493,Shadow Claw,Dragon Claw,Wild Charge,5,6,20,100000
Muk (Shadow),83.1,89,poison,none,150,144.6,190,4120648,37,2492,Poison Jab,Dark Pulse,Thunder Punch,8,6,3,50000
Raikou (Shadow),83.1,243,electric,none,170.1,141.6,152,3660484,27,2500,Volt Switch,Wild Charge,Shadow Ball,3,4,20,100000
Magnezone (Shadow),83,462,electric,steel,174.6,154.8,132,3567891,28,2497,Volt Switch,Wild Charge,Mirror Shot,3,3,3,50000
Tangrowth (Shadow),83,465,grass,none,156.5,146.2,174,3981535,30.5,2497,Vine Whip,Power Whip,Rock Slide,7,6,3,50000
Galvantula (Shadow),82.8,596,bug,electric,181.5,120.2,157,3424193,50,2494,Volt Switch,Discharge,Lunge,3,3,3,50000
Miltank,82.8,241,normal,none,136.1,173.1,193,4547873,50,2489,Rollout,Body Slam,Ice Beam,3,5,5,75000
Perrserker,82.8,863,steel,none,167.2,147.1,152,3737692,50,2500,Shadow Claw,Close Combat,Foul Play,6,6,3,50000
Snorlax,82.7,143,normal,none,139.1,131.2,244,4452740,28.5,2491,Lick,Body Slam,Earthquake,12,22,5,75000
Zapdos (Galarian),82.7,145,fighting,flying,174.4,136.9,149,3557352,26,2492,Counter,Ancient Power,Brave Bird,7,8,20,100000
Landorus (Therian),82.6,645,ground,flying,189.7,125,138,3272594,23.5,2497,Mud Shot,Sandsear Storm,Stone Edge,5,7,20,100000
Conkeldurr,82.5,534,fighting,none,174.4,119.1,172,3573108,27.5,2498,Counter,Dynamic Punch,Brutal Swing,8,6,5,75000
Lurantis,82.5,754,grass,none,163.6,151.9,153,3802584,48,2498,Leafage,Leaf Blade,Superpower,5,6,3,50000
Luxray (Shadow),82.5,405,electric,none,179.1,126.2,154,3480709,34,2498,Spark,Wild Charge,Psychic Fangs,7,5,5,75000
Muk,82.5,89,poison,none,150,144.6,190,4120648,37,2492,Poison Jab,Thunder Punch,Dark Pulse,6,8,3,50000
Cradily,82.4,346,rock,grass,140.3,175.6,180,4436127,50,2499,Bullet Seed,Stone Edge,Grass Knot,5,4,3,50000
Genesect (Shock),82.3,649,bug,steel,181.9,147.2,127,3398909,27,2493,Fury Cutter,X-Scissor,Techno Blast (Shock),10,14,20,100000
Ho-Oh (Shadow),82.3,250,fire,flying,158,167.1,148,3907144,23.5,2487,Incinerate,Brave Bird,Sacred Fire,3,4,20,100000
Palossand,82.2,770,ghost,ground,151.1,155.3,176,4129483,48,2498,Sand Attack,Shadow Ball,Scorching Sands,14,13,3,50000
Snorlax (Shadow),82.2,143,normal,none,139.1,131.2,244,4452740,28.5,2491,Lick,Body Slam,Earthquake,12,22,5,75000
Relicanth,82.1,369,water,rock,135.7,177.2,191,4593861,44.5,2497,Water Gun,Aqua Tail,Ancient Power,12,15,5,75000
Vaporeon,82.1,134,water,none,153.1,127.7,208,4066528,29.5,2500,Water Gun,Aqua Tail,Scald,12,17,5,75000
Flygon,82,330,ground,dragon,165.7,141.9,160,3762278,40.5,2497,Dragon Tail,Dragon Claw,Scorching Sands,4,6,5,75000
Roserade,82,407,grass,poison,183.7,148,124,3371877,32,2491,Poison Jab,Weather Ball (Fire),Grass Knot,5,8,3,50000
Sylveon,82,700,fairy,none,152.1,161.6,166,4081029,30.5,2497,Charm,Moonblast,Psyshock,10,8,5,75000
Togekiss,82,468,fairy,flying,161.9,160.5,148,3844321,28,2498,Charm,Ancient Power,Aura Sphere,8,10,3,50000
Galvantula,81.9,596,bug,electric,181.5,120.2,157,3424193,50,2494,Volt Switch,Discharge,Lunge,3,3,3,50000
Enamorus (Incarnate),81.8,905,fairy,flying,196.7,121,132,3142184,26.5,2492,Fairy Wind,Fly,Dazzling Gleam,5,8,20,100000
Hawlucha,81.8,701,fighting,flying,164.2,138.7,165,3757249,47,2490,Poison Jab,Flying Press,Aerial Ace,6,6,5,75000
Passimian,81.8,766,fighting,none,166.7,127.6,175,3724208,31,2496,Counter,Close Combat,Brick Break,7,6,3,75000
Rapidash,81.8,78,fire,none,173.6,141.5,146,3587206,46.5,2499,Incinerate,Drill Run,Flame Charge,3,3,3,50000
Zygarde (50% Forme),81.8,718,dragon,ground,143.7,170.8,175,4293804,27,2488,Dragon Tail,Crunch,Earthquake,5,8,20,100000
Blaziken (Shadow),81.7,257,fire,fighting,184.4,117.9,154,3347475,34,2485,Counter,Blaze Kick,Stone Edge,6,8,3,10000
Steelix (Shadow),81.7,208,steel,ground,127,237.5,162,4887002,48,2497,Dragon Tail,Breaking Swipe,Earthquake,4,8,5,75000
Excadrill (Shadow),81.6,530,ground,steel,183.8,101.1,181,3362672,28,2490,Mud Shot,Drill Run,Rock Slide,5,5,3,50000
Palkia,81.6,484,water,dragon,181.9,147.4,127,3404831,23,2493,Dragon Breath,Aqua Tail,Draco Meteor,12,22,20,100000
Palkia (Origin),81.6,484,water,dragon,182.3,146.6,127,3395063,22,2496,Dragon Breath,Aqua Tail,Draco Meteor,12,22,20,100000
Suicune (Shadow),81.6,245,water,none,136.9,185.2,178,4511669,32,2488,Snarl,Scald,Ice Beam,4,5,20,100000
Arctibax,81.5,997,dragon,ice,158,120.2,186,3530820,50,2365,Dragon Breath,Avalanche,Dragon Claw,15,12,5,75000
Noctowl,81.5,164,normal,flying,134.4,143.7,201,3883121,50,2288,Wing Attack,Sky Attack,Shadow Ball,7,7,1,10000
Genesect (Chill),81.4,649,bug,steel,181.9,147.2,127,3398909,27,2493,Fury Cutter,X-Scissor,Techno Blast (Chill),10,14,20,100000
Avalugg (Hisuian),81.3,713,ice,rock,152,173.3,156,4108624,26.5,2499,Powder Snow,Rock Slide,Icy Wind,6,6,3,50000
Magnezone,81.3,462,electric,steel,174.6,154.8,132,3567891,28,2497,Volt Switch,Wild Charge,Mirror Shot,3,3,3,50000
Primeape,81.3,57,fighting,none,182.4,125.8,148,3394440,48.5,2490,Counter,Night Slash,Close Combat,5,7,3,50000
Tangrowth,81.3,465,grass,none,156.5,146.2,174,3981535,30.5,2497,Vine Whip,Power Whip,Rock Slide,7,6,3,50000
Drifblim (Shadow),81.2,426,ghost,flying,154.5,96.1,272,4037602,49,2499,Hex,Shadow Ball,Icy Wind,5,4,5,75000
Quagsire (Shadow),81.2,195,water,ground,140.3,132.8,194,3614465,50,2252,Mud Shot,Aqua Tail,Stone Edge,4,7,3,50000
Typhlosion,81.2,157,fire,none,172.3,139,151,3617527,34,2497,Incinerate,Blast Burn,Solar Beam,3,4,3,10000
Druddigon,81,621,dragon,none,169,144.1,151,3677971,38,2500,Dragon Tail,Dragon Claw,Night Slash,4,4,5,75000
Hariyama,81,297,fighting,none,163.6,97.1,240,3812132,35.5,2497,Counter,Close Combat,Heavy Slam,7,8,3,50000
Lucario,81,448,fighting,steel,186.9,123.1,144,3313071,38,2496,Counter,Blaze Kick,Shadow Ball,6,8,5,75000
Milotic,81,350,water,none,145.8,174,168,4262665,32,2493,Dragon Tail,Surf,Blizzard,5,9,5,75000
Ampharos (Shadow),80.9,181,electric,none,164.4,140.7,164,3791746,35.5,2499,Volt Switch,Brutal Swing,Trailblaze,3,4,5,75000
Aromatisse,80.9,683,fairy,none,153.4,135.3,196,4069369,46,2498,Charm,Moonblast,Thunderbolt,10,10,3,50000
Clodsire,80.9,980,poison,ground,119.3,139.5,245,4077850,50,2207,Poison Sting,Sludge Bomb,Earthquake,6,8,3,50000
Heracross,80.9,214,bug,fighting,174.1,138.6,148,3571673,29.5,2500,Counter,Rock Blast,Megahorn,6,8,3,50000
Hitmonchan (Shadow),80.9,107,fighting,none,169.2,173.3,125,3665277,47,2494,Counter,Close Combat,Ice Punch,7,6,5,75000
Shiftry (Shadow),80.9,275,grass,dark,174.7,111.6,182,3547605,46,2490,Snarl,Leaf Blade,Foul Play,3,4,3,50000
Houndstone,80.7,972,ghost,none,154.9,170.4,152,4012161,45,2496,Lick,Psychic Fangs,Shadow Ball,12,19,3,50000
Muk (Alolan),80.7,89,poison,dark,150,144.6,190,4120648,37,2492,Poison Jab,Dark Pulse,Acid Spray,8,7,3,50000
Ursaring (Shadow),80.7,217,normal,none,180.7,118.9,161,3459168,33.5,2500,Shadow Claw,Trailblaze,Close Combat,7,6,3,50000
Baxcalibur,80.6,998,dragon,ice,175.4,123.4,163,3529242,25.5,2495,Dragon Breath,Avalanche,Dragon Claw,15,12,5,75000
Bellossom (Shadow),80.6,182,grass,none,152.1,166.4,162,4099468,50,2498,Bullet Seed,Leaf Blade,Dazzling Gleam,3,6,3,50000
Ludicolo,80.6,272,water,grass,153.1,156.5,169,4049254,47.5,2495,Bubble,Scald,Leaf Storm,5,5,3,50000
Oinkologne (Female),80.6,916,normal,none,142.3,143.9,214,4383025,45.5,2498,Tackle,Body Slam,Dig,12,17,1,10000
Typhlosion (Shadow),80.5,157,fire,none,172.3,139,151,3617527,34,2497,Incinerate,Blast Burn,Solar Beam,3,4,3,10000
Excadrill,80.4,530,ground,steel,183.8,101.1,181,3362672,28,2490,Mud Shot,Drill Run,Rock Slide,5,5,3,50000
Ninetales (Shadow),80.4,38,fire,none,151.6,170.1,159,4100684,49.5,2495,Ember,Weather Ball (Fire),Overheat,6,10,3,50000
Oranguru,80.4,765,normal,psychic,142,170,181,4368154,47,2494,Confusion,Foul Play,Future Sight,4,6,3,75000
Qwilfish (Hisuian),80.4,211,dark,poison,167.2,139.5,149,3475491,50,2415,Poison Jab,Aqua Tail,Shadow Ball,5,8,3,50000
Sandslash (Shadow),80.4,28,ground,none,155.8,155.8,164,3982487,49.5,2492,Sand Attack,Night Slash,Scorching Sands,9,13,3,50000
Zekrom,80.4,644,dragon,electric,178.7,140.3,139,3485851,23,2496,Dragon Breath,Crunch,Wild Charge,15,15,20,100000
Blaziken,80.3,257,fire,fighting,184.4,117.9,154,3347475,34,2485,Counter,Blaze Kick,Stone Edge,6,8,3,10000
Seaking,80.3,119,water,none,159.7,136.1,172,3738228,50,2444,Poison Jab,Drill Run,Icy Wind,7,7,3,50000
Cradily (Shadow),80.2,346,rock,grass,140.3,175.6,180,4436127,50,2499,Bullet Seed,Grass Knot,Stone Edge,4,5,3,50000
Electivire (Shadow),80.2,466,electric,none,185.1,130.2,139,3351363,30,2490,Thunder Shock,Wild Charge,Ice Punch,5,5,5,75000
Falinks,80.2,870,fighting,none,166.2,154.5,146,3750271,49,2498,Counter,Superpower,Megahorn,6,8,5,75000
Drifblim,80.1,426,ghost,flying,154.5,96.1,272,4037602,49,2499,Hex,Shadow Ball,Icy Wind,5,4,5,75000
Golbat (Shadow),80.1,42,poison,flying,147.9,138.6,164,3362863,50,2234,Wing Attack,Poison Fang,Shadow Ball,5,7,1,10000
Muk (Alolan) (Shadow),80.1,89,poison,dark,150,144.6,190,4120648,37,2492,Poison Jab,Dark Pulse,Acid Spray,8,7,3,50000
Lugia,80,249,psychic,flying,132.3,213.7,166,4692350,25,2493,Dragon Tail,Aeroblast,Sky Attack,9,6,20,100000
Ceruledge,79.9,937,fire,ghost,176.3,142.4,141,3539893,29,2497,Incinerate,Shadow Ball,Flame Charge,3,3,5,50000
Zebstrika,79.9,523,electric,none,178,125,157,3492769,47.5,2495,Spark,Wild Charge,Flame Charge,7,8,3,50000
Bellossom,79.8,182,grass,none,152.1,166.4,162,4099468,50,2498,Bullet Seed,Leaf Blade,Return,3,6,3,50000
Eelektross,79.8,604,electric,none,172.8,127.4,164,3610805,38.5,2499,Spark,Dragon Claw,Thunderbolt,5,8,1,10000
Hariyama (Shadow),79.8,297,fighting,none,163.6,97.1,240,3812132,35.5,2497,Counter,Close Combat,Heavy Slam,7,8,3,50000
Zangoose,79.8,335,normal,none,187.3,112.2,158,3322351,47,2498,Shadow Claw,Close Combat,Night Slash,6,5,3,50000
Armarouge,79.7,936,fire,psychic,171.2,142.4,149,3633860,29,2499,Incinerate,Psyshock,Flame Charge,3,3,5,50000
Bruxish,79.7,779,water,psychic,176.9,131.6,151,3516640,46.5,2497,Confusion,Aqua Tail,Psychic Fangs,3,3,3,50000
Electrode (Hisuian),79.7,101,electric,grass,160.5,160.5,142,3657833,50,2430,Thunder Shock,Wild Charge,Energy Ball,5,7,3,50000
Pyroar,79.7,668,fire,normal,173.3,125.6,164,3568870,36.5,2493,Incinerate,Flame Charge,Dark Pulse,3,3,3,10000
Altaria,79.5,334,dragon,flying,131.1,181.5,164,3902033,50,2266,Dragon Breath,Sky Attack,Moonblast,17,20,1,10000
Victini,79.5,494,psychic,fire,155.5,154.8,166,3996896,27.5,2493,Quick Attack,V-Create,Psychic,5,7,20,100000
Wigglytuff,79.5,40,normal,fairy,143.7,88.2,260,3296306,50,2178,Charm,Disarming Voice,Icy Wind,8,8,1,10000
Darmanitan (Standard),79.4,555,fire,none,193.7,93.6,176,3191384,29.5,2488,Incinerate,Rock Slide,Overheat,3,3,3,50000
Genesect (Burn),79.4,649,bug,steel,181.9,147.2,127,3398909,27,2493,Fury Cutter,X-Scissor,Techno Blast (Burn),10,14,20,100000
Hitmonchan,79.4,107,fighting,none,169.2,173.3,125,3665277,47,2494,Counter,Close Combat,Ice Punch,7,6,5,75000
Piloswine (Shadow),79.4,221,ice,ground,159.8,124.2,197,3908135,47.5,2498,Powder Snow,Avalanche,High Horsepower,6,8,3,50000
Slowbro (Galarian),79.4,80,poison,psychic,153.4,140.3,188,4045209,46,2495,Poison Jab,Surf,Sludge Bomb,6,8,3,50000
Terrakion,79.4,639,rock,fighting,175.9,136.2,147,3521739,24.5,2492,Double Kick,Sacred Sword,Rock Slide,3,4,20,100000
Bewear,79.3,760,normal,fighting,168.3,111.7,197,3705444,29.5,2499,Shadow Claw,Superpower,Payback,5,8,1,10000
Dodrio,79.3,85,normal,flying,186,127.3,141,3339645,49.5,2497,Steel Wing,Brave Bird,Drill Peck,8,6,3,50000
Genesect (Douse),79.3,649,bug,steel,181.9,147.2,127,3398909,27,2493,Fury Cutter,X-Scissor,Techno Blast (Douse),10,14,20,100000
Primarina,79.3,730,water,fairy,169.8,149.6,144,3658286,29,2497,Charm,Disarming Voice,Hydro Pump,8,13,3,10000
Quagsire,79.3,195,water,ground,140.3,132.8,194,3614465,50,2252,Mud Shot,Aqua Tail,Stone Edge,4,7,3,50000
Sandslash,79.3,28,ground,none,155.8,155.8,164,3982487,49.5,2492,Sand Attack,Night Slash,Scorching Sands,9,13,3,50000
Granbull (Shadow),79.2,210,fairy,none,173.7,116.8,176,3571337,42,2490,Charm,Close Combat,Crunch,8,8,3,50000
Piloswine,79.1,221,ice,ground,159.8,124.2,197,3908135,47.5,2498,Powder Snow,Avalanche,High Horsepower,6,8,3,50000
Shiftry,79.1,275,grass,dark,174.7,111.6,182,3547605,46,2490,Snarl,Leaf Blade,Foul Play,3,4,3,50000
Barbaracle,79,689,rock,water,155.9,172.5,148,3979633,39.5,2497,Fury Cutter,Cross Chop,Stone Edge,9,14,3,50000
Malamar,79,687,dark,psychic,152.9,150.4,177,4071612,50,2497,Psycho Cut,Foul Play,Superpower,5,5,3,50000
Quaquaval,79,914,water,fighting,177.8,127.8,154,3500692,30.5,2497,Wing Attack,Close Combat,Liquidation,6,6,3,10000
Sudowoodo,79,185,rock,none,152.9,160.5,157,3853658,50,2428,Counter,Meteor Beam,Rock Slide,9,7,5,75000
Uxie,79,480,psychic,none,130.8,233.1,156,4757597,45.5,2496,Confusion,Future Sight,Thunder,6,5,20,100000
Forretress,78.9,205,bug,steel,145.4,182.3,162,4294273,50,2499,Bug Bite,Earthquake,Mirror Shot,22,12,5,75000
Latios (Shadow),78.9,381,dragon,psychic,178.7,147.2,132,3472586,24,2492,Dragon Breath,Dragon Claw,Luster Purge,12,20,20,100000
Raichu (Alolan),78.8,26,electric,psychic,178.2,139.1,141,3494900,48.5,2500,Volt Switch,Wild Charge,Thunder Punch,3,3,1,10000
Bronzong,78.7,437,steel,psychic,145.4,191.6,152,4233439,50,2488,Confusion,Psyshock,Payback,4,5,3,50000
Fraxure,78.7,611,dragon,none,190.2,115.6,149,3276241,49.5,2497,Dragon Tail,Dragon Claw,Aqua Tail,4,4,5,75000
Granbull,78.7,210,fairy,none,173.7,116.8,176,3571337,42,2490,Charm,Close Combat,Crunch,8,8,3,50000
Pawmot,78.7,923,electric,fighting,186.6,122.8,145,3324397,39.5,2496,Spark,Close Combat,Wild Charge,7,7,3,75000
Celesteela,78.6,797,steel,flying,155,157.2,165,4022062,30.5,2499,Air Slash,Body Slam,Bulldoze,4,7,20,100000
Golbat,78.6,42,poison,flying,147.9,138.6,164,3362863,50,2234,Wing Attack,Poison Fang,Shadow Ball,5,7,1,10000
Pangoro,78.6,675,fighting,dark,172.4,120.7,172,3580370,33,2488,Snarl,Close Combat,Night Slash,4,3,3,50000
Melmetal,78.5,809,steel,none,156.5,137.6,185,3984366,25.5,2500,Thunder Shock,Rock Slide,Superpower,5,5,20,100000
Raichu,78.5,26,electric,none,174.8,139.5,142,3462012,50,2467,Volt Switch,Brick Break,Wild Charge,3,3,1,10000
Slowking,78.4,199,water,psychic,147.4,154.6,186,4238192,43,2499,Water Gun,Surf,Psychic,14,19,3,50000
Whimsicott,78.4,547,grass,fairy,150.4,160.5,142,3428021,50,2277,Fairy Wind,Grass Knot,Moonblast,6,7,1,10000
Articuno (Shadow),78.3,144,ice,flying,144.6,184.4,161,4294013,31,2496,Ice Shard,Triple Axel,Ancient Power,5,5,20,100000
Golem (Alolan) (Shadow),78.3,76,rock,electric,162.1,155.3,153,3851246,32.5,2498,Volt Switch,Stone Edge,Rock Blast,4,3,1,10000
Vikavolt,78.3,738,bug,electric,187.2,122.6,144,3305478,29.5,2490,Volt Switch,X-Scissor,Fly,3,3,1,10000
Seismitoad,78.2,537,water,ground,154.5,132,197,4018029,42,2495,Mud Shot,Earth Power,Sludge Bomb,7,6,3,50000
Ampharos,78.1,181,electric,none,164.4,140.7,164,3791746,35.5,2499,Volt Switch,Brutal Swing,Trailblaze,3,4,5,75000
Electivire,78.1,466,electric,none,185.1,130.2,139,3351363,30,2490,Thunder Shock,Wild Charge,Ice Punch,5,5,5,75000
Ursaring,78.1,217,normal,none,180.7,118.9,161,3459168,33.5,2500,Shadow Claw,Trailblaze,Close Combat,7,6,3,50000
Slurpuff,78,685,fairy,none,153.8,149.6,174,4002111,50,2486,Fairy Wind,Flamethrower,Play Rough,7,7,3,50000
Froslass (Shadow),77.9,478,ice,ghost,156.3,138.6,157,3402243,50,2306,Powder Snow,Avalanche,Shadow Ball,6,7,3,50000
Crobat (Shadow),77.8,169,poison,flying,157.5,149.5,168,3955435,41,2500,Air Slash,Poison Fang,Shadow Ball,5,7,1,10000
Zacian (Hero),77.8,888,fairy,none,168.4,162.5,134,3667246,23.5,2485,Snarl,Wild Charge,Close Combat,4,4,20,100000
Avalugg,77.7,713,ice,none,144.8,181.1,164,4300893,28.5,2500,Ice Fang,Avalanche,Body Slam,9,7,3,50000
Cetitan,77.7,975,ice,none,155.1,100.2,258,4011827,30,2496,Ice Shard,Avalanche,Body Slam,5,4,3,50000
Dewgong,77.7,87,water,ice,129.4,161.3,186,3883324,50,2245,Ice Shard,Icy Wind,Drill Run,5,5,3,50000
Golduck,77.7,55,water,none,161.4,142.4,168,3861243,47.5,2496,Water Gun,Cross Chop,Liquidation,12,15,3,50000
Solgaleo,77.7,791,psychic,steel,166,129.3,175,3755496,22.5,2500,Fire Spin,Psychic Fangs,Iron Head,4,5,20,100000
Thundurus (Therian),77.7,642,electric,flying,199.7,114.9,135,3097423,25,2492,Volt Switch,Wildbolt Storm,Focus Blast,3,5,20,100000
Togedemaru,77.7,777,electric,steel,172.3,134.4,149,3450872,50,2442,Thunder Shock,Fell Stinger,Wild Charge,4,5,3,50000
Electabuzz (Shadow),77.6,125,electric,none,170.9,143.3,149,3648356,49.5,2498,Thunder Shock,Thunder Punch,Thunderbolt,5,7,5,75000
Gardevoir (Shadow),77.6,282,psychic,fairy,177,149.5,133,3519444,29.5,2500,Charm,Triple Axel,Shadow Ball,8,10,5,75000
Golduck (Shadow),77.6,55,water,none,161.4,142.4,168,3861243,47.5,2496,Water Gun,Cross Chop,Liquidation,12,15,3,50000
Xerneas,77.6,716,fairy,none,169,129.5,169,3699520,23.5,2500,Geomancy,Close Combat,Moonblast,4,5,20,100000
Braviary,77.5,628,normal,flying,173.4,122,170,3595320,30.5,2500,Steel Wing,Fly,Close Combat,7,7,5,75000
Leavanny,77.5,542,bug,grass,167.5,142.8,155,3708484,41.5,2497,Bug Bite,Leaf Blade,X-Scissor,12,14,1,10000
Moltres,77.5,146,fire,flying,176.7,134.8,148,3525574,26.5,2500,Wing Attack,Sky Attack,Overheat,7,7,20,100000
Slowbro,77.5,80,water,psychic,147.4,154.6,186,4238192,43,2499,Water Gun,Surf,Ice Beam,14,19,3,50000
Hydreigon,77.3,635,dark,dragon,176.1,132.2,152,3538421,25.5,2499,Dragon Breath,Brutal Swing,Flash Cannon,14,24,5,75000
Kingdra,77.2,230,water,dragon,156.5,165.2,153,3954457,40,2490,Dragon Breath,Outrage,Octazooka,20,17,3,50000
Scizor (Shadow),77.2,212,bug,steel,178.5,142.5,137,3486560,30.5,2498,Bullet Punch,Night Slash,X-Scissor,5,6,5,75000
Heatran,77.1,485,fire,steel,168.6,150.1,145,3669653,24.5,2491,Fire Spin,Magma Storm,Stone Edge,4,6,20,100000
Sudowoodo (Shadow),77.1,185,rock,none,152.9,160.5,157,3853658,50,2428,Counter,Meteor Beam,Rock Slide,9,7,5,75000
Magneton (Shadow),77,82,electric,steel,185.3,149.6,121,3353587,44.5,2494,Volt Switch,Magnet Bomb,Discharge,3,3,3,50000
Gourgeist (Super),76.9,711,ghost,grass,147.5,170.5,167,4197585,40.5,2490,Hex,Shadow Ball,Seed Bomb,5,4,5,75000
Tropius,76.9,357,grass,flying,126.9,149.6,199,3776755,50,2194,Air Slash,Leaf Blade,Aerial Ace,4,5,5,75000
Jirachi,76.8,385,steel,psychic,155.5,154.8,166,3996896,27.5,2493,Confusion,Doom Desire,Dazzling Gleam,4,6,20,100000
Donphan,76.7,232,ground,none,161.5,145.2,164,3845399,31.5,2495,Counter,Body Slam,Earthquake,5,10,3,50000
Banette,76.6,354,ghost,none,189.9,118.5,146,3285104,50,2499,Shadow Claw,Shadow Ball,Thunder,7,8,3,50000
Latios,76.6,381,dragon,psychic,178.7,147.2,132,3472586,24,2492,Dragon Breath,Dragon Claw,Luster Purge,12,20,20,100000
Luxray,76.6,405,electric,none,179.1,126.2,154,3480709,34,2498,Snarl,Wild Charge,Psychic Fangs,4,3,5,75000
Scyther (Shadow),76.6,123,bug,flying,173.1,143.6,144,3577958,37.5,2491,Fury Cutter,Aerial Ace,Night Slash,10,9,5,75000
Slowking (Shadow),76.6,199,water,psychic,147.4,154.6,186,4238192,43,2499,Water Gun,Surf,Psychic,14,19,3,50000
Stoutland,76.6,508,normal,none,161.3,150.6,159,3862646,35.5,2496,Sand Attack,Wild Charge,Crunch,12,12,1,10000
Tapu Koko,76.6,785,electric,fairy,184,138.4,133,3385775,28.5,2499,Volt Switch,Thunderbolt,Nature's Madness,4,4,20,100000
Froslass,76.5,478,ice,ghost,156.3,138.6,157,3402243,50,2306,Powder Snow,Avalanche,Shadow Ball,6,7,3,50000
Victreebel (Shadow),76.5,71,grass,poison,174.7,122.2,167,3566381,46,2498,Razor Leaf,Leaf Blade,Sludge Bomb,9,13,3,50000
Vigoroth,76.5,288,normal,none,146.2,134.4,172,3381166,50,2225,Counter,Body Slam,Rock Slide,5,7,5,75000
Crawdaunt (Shadow),76.4,342,water,dark,187,126.3,141,3331349,46,2496,Snarl,Night Slash,Scald,3,4,3,50000
Gourgeist (Average),76.4,711,ghost,grass,149.5,188.8,147,4149195,49,2497,Hex,Shadow Ball,Seed Bomb,5,4,5,75000
Gourgeist (Large),76.4,711,ghost,grass,149.7,174.2,160,4171084,45.5,2500,Hex,Shadow Ball,Seed Bomb,5,4,5,75000
Golem (Alolan),76.3,76,rock,electric,162.1,155.3,153,3851246,32.5,2498,Volt Switch,Rock Blast,Stone Edge,3,4,1,10000
Scolipede,76.3,545,bug,poison,170.6,155.9,137,3643199,46,2500,Poison Jab,X-Scissor,Sludge Bomb,6,8,1,10000
Genesect,76.2,649,bug,steel,181.9,147.2,127,3398909,27,2493,Fury Cutter,X-Scissor,Techno Blast (Normal),10,14,20,100000
Zebstrika (Shadow),76.2,523,electric,none,178,125,157,3492769,47.5,2495,Spark,Wild Charge,Flame Charge,7,8,3,50000
Hitmonlee (Shadow),76.1,106,fighting,none,182.7,156.4,119,3399624,41.5,2499,Double Kick,Close Combat,Stone Edge,4,5,5,75000
Porygon2,76.1,233,normal,none,158.5,148.3,167,3925249,39,2495,Lock On,Tri Attack,Zap Cannon,10,16,3,50000
Amoonguss,76,591,grass,poison,142.9,129.4,221,4085363,50,2420,Astonish,Grass Knot,Foul Play,5,5,3,50000
Cryogonal,76,615,ice,none,150.2,177.2,156,4151488,36.5,2500,Ice Shard,Night Slash,Triple Axel,4,5,5,75000
Hypno,76,97,psychic,none,133.6,174.8,178,4156705,50,2363,Confusion,Fire Punch,Shadow Ball,4,5,3,50000
Manectric,76,310,electric,none,186.8,116,153,3315347,46.5,2488,Snarl,Wild Charge,Psychic Fangs,4,3,3,50000
Moltres (Shadow),76,146,fire,flying,176.7,134.8,148,3525574,26.5,2500,Wing Attack,Sky Attack,Ancient Power,7,6,20,100000
Yveltal,76,717,dark,flying,169,129.5,169,3699520,23.5,2500,Snarl,Dark Pulse,Oblivion Wing,4,4,20,100000
Forretress (Shadow),75.9,205,bug,steel,145.4,182.3,162,4294273,50,2499,Bug Bite,Mirror Shot,Heavy Slam,12,17,5,75000
Zarude,75.8,893,dark,grass,163.8,147,157,3781239,23.5,2491,Vine Whip,Dark Pulse,Power Whip,7,7,20,100000
Chandelure (Shadow),75.7,609,ghost,fire,194.8,137.3,119,3182125,27.5,2490,Incinerate,Shadow Ball,Flame Charge,3,3,5,75000
Leafeon,75.7,470,grass,none,164.4,173.3,132,3760297,32,2489,Bullet Seed,Leaf Blade,Last Resort,3,5,5,75000
Scizor,75.7,212,bug,steel,178.5,142.5,137,3486560,30.5,2498,Bullet Punch,Night Slash,X-Scissor,5,6,5,75000
Slowbro (Shadow),75.7,80,water,psychic,147.4,154.6,186,4238192,43,2499,Water Gun,Surf,Ice Beam,14,19,3,50000
Golurk (Shadow),75.6,623,ground,ghost,172.1,127.9,164,3611388,35,2496,Mud Slap,Shadow Punch,Dynamic Punch,4,6,5,75000
Crawdaunt,75.5,342,water,dark,187,126.3,141,3331349,46,2496,Snarl,Night Slash,Crabhammer,3,4,3,50000
Heliolisk,75.5,695,electric,normal,179,141.3,138,3490724,42.5,2500,Volt Switch,Breaking Swipe,Grass Knot,3,4,3,50000
Landorus (Incarnate),75.5,645,ground,flying,179.4,132.9,145,3457683,25.5,2491,Mud Shot,Rock Slide,Earth Power,5,7,20,100000
Lugia (Shadow),75.5,249,psychic,flying,132.3,213.7,166,4692350,25,2493,Dragon Tail,Aeroblast,Sky Attack,9,6,20,100000
Machoke (Shadow),75.5,67,fighting,none,161.3,117.6,172,3264574,50,2296,Karate Chop,Cross Chop,Dynamic Punch,5,7,3,50000
Mewtwo (Shadow),75.5,150,psychic,none,190.5,122.2,140,3258153,22,2494,Psycho Cut,Psystrike,Shadow Ball,5,7,20,100000
Yanmega,75.5,469,bug,flying,176.3,125.9,159,3530271,31.5,2496,Wing Attack,Aerial Ace,Ancient Power,5,6,3,50000
Amoonguss (Shadow),75.4,591,grass,poison,142.9,129.4,221,4085363,50,2420,Astonish,Grass Knot,Foul Play,5,5,3,50000
Donphan (Shadow),75.4,232,ground,none,161.5,145.2,164,3845399,31.5,2495,Counter,Body Slam,Earthquake,5,10,3,50000
Oinkologne,75.4,916,normal,none,152.5,134.9,199,4093878,42.5,2499,Tackle,Body Slam,Dig,12,17,1,10000
Thundurus (Incarnate),75.4,642,electric,flying,189.8,123.3,140,3277023,27.5,2495,Thunder Shock,Crunch,Thunder,5,7,20,100000
Decidueye (Hisuian),75.3,724,grass,fighting,164.8,140,164,3785108,33.5,2498,Psycho Cut,Aura Sphere,Aerial Ace,7,5,3,10000
Magmortar (Shadow),75.3,467,fire,none,182.1,132.8,141,3409646,29.5,2496,Karate Chop,Fire Punch,Thunderbolt,5,7,5,75000
Vileplume (Shadow),75.3,45,grass,poison,165.4,146.1,155,3745323,42.5,2494,Razor Leaf,Sludge Bomb,Moonblast,13,15,3,50000
Cloyster,75.2,91,water,ice,153.3,216,122,4039842,42.5,2489,Ice Shard,Icy Wind,Hydro Pump,5,8,3,50000
Sceptile (Shadow),75.2,254,grass,none,175.5,140.7,143,3531846,37,2490,Bullet Seed,Leaf Blade,Breaking Swipe,3,3,3,10000
Victreebel,75,71,grass,poison,174.7,122.2,167,3566381,46,2498,Razor Leaf,Leaf Blade,Sludge Bomb,9,13,3,50000
Crobat,74.9,169,poison,flying,157.5,149.5,168,3955435,41,2500,Air Slash,Poison Fang,Shadow Ball,5,7,1,10000
Haxorus,74.9,612,dragon,none,195.6,126.1,129,3183455,25.5,2500,Counter,Breaking Swipe,Night Slash,5,5,5,75000
Typhlosion (Hisuian),74.9,157,fire,ghost,180,136.3,141,3459619,31.5,2499,Hex,Fire Punch,Shadow Ball,4,5,3,10000
Arcanine (Shadow),74.8,59,fire,none,171.2,130.6,163,3643261,31,2497,Snarl,Wild Charge,Psychic Fangs,4,3,3,50000
Hitmonlee,74.8,106,fighting,none,182.7,156.4,119,3399624,41.5,2499,Double Kick,Close Combat,Stone Edge,4,5,5,75000
Magneton,74.8,82,electric,steel,185.3,149.6,121,3353587,44.5,2494,Volt Switch,Discharge,Magnet Bomb,3,3,3,50000
Nihilego,74.8,793,rock,poison,164.5,139.9,165,3796292,23.5,2499,Poison Jab,Rock Slide,Sludge Bomb,7,8,20,100000
Gardevoir,74.7,282,psychic,fairy,177,149.5,133,3519444,29.5,2500,Charm,Triple Axel,Shadow Ball,8,10,5,75000
Manectric (Shadow),74.6,310,electric,none,186.8,116,153,3315347,46.5,2488,Snarl,Wild Charge,Psychic Fangs,4,3,3,50000
Samurott (Hisuian),74.6,503,water,dark,171.1,128.2,166,3640573,36,2499,Fury Cutter,Icy Wind,Dark Pulse,12,13,3,10000
Furfrou,74.5,676,normal,none,150.4,152.9,164,3772567,50,2387,Sand Attack,Surf,Grass Knot,10,13,5,75000
Rapidash (Galarian),74.5,78,psychic,fairy,173.6,141.5,146,3587206,46.5,2499,Fairy Wind,Body Slam,Play Rough,4,7,3,50000
Sceptile,74.5,254,grass,none,175.5,140.7,143,3531846,37,2490,Bullet Seed,Leaf Blade,Breaking Swipe,3,3,3,10000
Tapu Bulu,74.5,787,grass,fairy,175.6,158.3,127,3529863,27,2496,Bullet Seed,Grass Knot,Dazzling Gleam,4,6,20,100000
Qwilfish,74.4,211,water,poison,167.2,128.6,149,3203314,50,2318,Poison Sting,Aqua Tail,Ice Beam,4,7,3,50000
Gourgeist (Small),74.3,711,ghost,grass,154.9,194,134,4027718,48.5,2498,Hex,Shadow Ball,Seed Bomb,5,4,5,75000
Crustle,74.2,558,bug,rock,154.6,172.3,150,3996885,43,2490,Smack Down,X-Scissor,Rock Slide,5,6,1,10000
Rayquaza,74.2,384,dragon,flying,189.1,118.5,147,3293272,24,2497,Dragon Tail,Breaking Swipe,Dragon Ascent,4,8,20,100000
Mamoswine,74.1,473,ice,ground,177.2,111.4,178,3514043,27.5,2500,Powder Snow,Avalanche,High Horsepower,6,8,3,50000
Reshiram,74.1,643,dragon,fire,178.7,140.3,139,3485851,23,2496,Dragon Breath,Crunch,Overheat,15,19,20,100000
Wyrdeer,74.1,899,normal,psychic,163,122.6,190,3796873,37.5,2488,Confusion,Wild Charge,Stomp,4,4,5,75000
Revavroom,74,966,steel,poison,174.1,135.6,151,3563534,31.5,2491,Poison Jab,Overheat,Acid Spray,8,7,3,50000
Dialga (Origin),73.9,483,steel,dragon,174.3,149.5,137,3569957,22.5,2498,Dragon Breath,Roar of Time,Iron Head,22,17,20,100000
Delphox,73.8,655,fire,psychic,171.9,146.9,143,3612854,30.5,2494,Fire Spin,Blast Burn,Mystical Fire,5,5,3,10000
Golem (Shadow),73.8,76,rock,ground,162.1,155.3,153,3851246,32.5,2498,Mud Shot,Stone Edge,Rock Blast,7,5,1,10000
Simisage,73.8,512,grass,none,176.6,122.4,163,3523110,48.5,2495,Vine Whip,Grass Knot,Crunch,7,6,3,50000
Sneasel (Hisuian),73.8,215,fighting,poison,171.4,135.3,135,3130823,50,2319,Poison Jab,Close Combat,Aerial Ace,7,6,3,50000
Banette (Shadow),73.7,354,ghost,none,189.9,118.5,146,3285104,50,2499,Shadow Claw,Shadow Ball,Thunder,7,8,3,50000
Meowscarada,73.7,908,grass,dark,181.2,125.4,151,3430112,35.5,2495,Leafage,Night Slash,Grass Knot,5,8,3,10000
Honchkrow,73.6,430,dark,flying,193.3,91.2,183,3227317,37,2499,Snarl,Brave Bird,Dark Pulse,5,4,3,50000
Kingdra (Shadow),73.6,230,water,dragon,156.5,165.2,153,3954457,40,2490,Dragon Breath,Outrage,Octazooka,20,17,3,50000
Porygon2 (Shadow),73.6,233,normal,none,158.5,148.3,167,3925249,39,2495,Lock On,Tri Attack,Zap Cannon,10,16,3,50000
Drampa,73.4,780,normal,dragon,177.7,132.7,149,3513611,33,2500,Dragon Breath,Fly,Outrage,15,20,5,75000
Lycanroc (Midnight),73.4,745,rock,none,171.8,127.9,164,3602247,36.5,2488,Counter,Psychic Fangs,Crunch,5,7,5,50000
Probopass,73.3,476,rock,steel,126,243.7,142,4361605,50,2351,Spark,Rock Slide,Zap Cannon,7,12,3,50000
Mewtwo,73.2,150,psychic,none,190.5,122.2,140,3258153,22,2494,Psycho Cut,Psystrike,Shadow Ball,5,7,20,100000
Cloyster (Shadow),73.1,91,water,ice,153.3,216,122,4039842,42.5,2489,Ice Shard,Icy Wind,Hydro Pump,5,8,3,50000
Gothitelle,73.1,576,psychic,none,149,182.1,153,4151848,47.5,2488,Confusion,Rock Slide,Future Sight,4,6,3,50000
Honchkrow (Shadow),73.1,430,dark,flying,193.3,91.2,183,3227317,37,2499,Snarl,Brave Bird,Dark Pulse,5,4,3,50000
Scyther,73.1,123,bug,flying,173.1,143.6,144,3577958,37.5,2491,Fury Cutter,Night Slash,Aerial Ace,9,10,5,75000
Vileplume,73.1,45,grass,poison,165.4,146.1,155,3745323,42.5,2494,Razor Leaf,Sludge Bomb,Moonblast,13,15,3,50000
Alomomola,73,594,water,none,128.6,122.7,296,4668794,50,2452,Waterfall,Hydro Pump,Blizzard,10,10,5,75000
Mamoswine (Shadow),73,473,ice,ground,177.2,111.4,178,3514043,27.5,2500,Powder Snow,Avalanche,High Horsepower,6,8,3,50000
Diancie,72.9,719,rock,fairy,154.6,228.5,114,4026566,35,2497,Rock Throw,Rock Slide,Moonblast,9,12,20,100000
Tangela (Shadow),72.9,114,grass,none,165.4,153.7,148,3762095,49,2500,Vine Whip,Grass Knot,Sludge Bomb,7,7,3,50000
Camerupt,72.8,323,fire,ground,175.6,126.9,157,3498579,50,2479,Incinerate,Earth Power,Overheat,3,3,3,50000
Machoke,72.8,67,fighting,none,161.3,117.6,172,3264574,50,2296,Karate Chop,Cross Chop,Dynamic Punch,5,7,3,50000
Omastar (Shadow),72.8,139,rock,water,163.3,163.3,143,3813506,36.5,2497,Mud Shot,Rock Slide,Rock Blast,5,5,5,75000
Sneasel (Hisuian) (Shadow),72.8,215,fighting,poison,171.4,135.3,135,3130823,50,2319,Poison Jab,Close Combat,Aerial Ace,7,6,3,50000
Tsareena,72.8,763,grass,none,168.8,154.6,141,3678618,32.5,2499,Magical Leaf,Grass Knot,Triple Axel,5,5,3,10000
Crustle (Shadow),72.7,558,bug,rock,154.6,172.3,150,3996885,43,2490,Smack Down,X-Scissor,Rock Slide,5,6,1,10000
Dialga,72.7,483,steel,dragon,178.7,140.3,139,3485851,23,2496,Dragon Breath,Iron Head,Thunder,17,20,20,100000
Tangela,72.7,114,grass,none,165.4,153.7,148,3762095,49,2500,Vine Whip,Grass Knot,Sludge Bomb,7,7,3,50000
Electrode (Shadow),72.6,101,electric,none,158,158,142,3543829,50,2373,Volt Switch,Discharge,Foul Play,3,3,3,50000
Wailord,72.6,321,water,none,157.1,83.2,304,3973920,50,2499,Water Gun,Scald,Blizzard,17,25,1,10000
Dusknoir (Shadow),72.5,477,ghost,none,153.2,223.2,118,4035710,48.5,2489,Hex,Shadow Ball,Dark Pulse,5,5,3,50000
Golurk,72.5,623,ground,ghost,172.1,127.9,164,3611388,35,2496,Mud Slap,Shadow Punch,Earth Power,4,7,5,75000
Pinsir,72.5,127,bug,none,180.8,145.2,131,3437971,31.5,2500,Fury Cutter,Close Combat,X-Scissor,12,10,5,75000
Rotom (Wash),72.5,479,electric,water,167.5,183.5,121,3719845,41.5,2499,Thunder Shock,Thunderbolt,Hydro Pump,7,9,5,75000
Bouffalant,72.4,626,normal,none,153.7,150.6,175,4049855,35.5,2495,Mud Shot,Stomp,Megahorn,5,7,3,50000
Tornadus (Therian),72.4,641,flying,none,174,144.8,142,3577332,28.5,2500,Gust,Bleakwind Storm,Focus Blast,4,7,20,100000
Carracosta,72.3,565,water,rock,155.4,167.3,153,3977055,40.5,2486,Water Gun,Surf,Body Slam,14,12,5,75000
Carnivine,72.1,455,grass,none,169.7,126.9,163,3510627,50,2441,Vine Whip,Power Whip,Crunch,7,6,5,75000
Archeops,72,567,rock,flying,208.1,107.9,133,2985371,27.5,2499,Wing Attack,Dragon Claw,Ancient Power,5,6,5,75000
Huntail,72,367,water,none,173.6,159.6,130,3602634,46.5,2500,Water Gun,Aqua Tail,Crunch,12,15,3,50000
Infernape,72,392,fire,fighting,177.7,128.8,153,3502927,37.5,2500,Fire Spin,Close Combat,Blast Burn,5,5,3,10000
Pinsir (Shadow),72,127,bug,none,180.8,145.2,131,3437971,31.5,2500,Fury Cutter,Close Combat,X-Scissor,12,10,5,75000
Klinklang,71.9,601,steel,none,160.6,180.3,133,3852914,39.5,2488,Thunder Shock,Mirror Shot,Zap Cannon,4,9,5,75000
Swalot,71.8,317,poison,none,130.2,146.2,201,3827769,50,2236,Mud Shot,Sludge Bomb,Ice Beam,6,7,1,10000
Probopass (Shadow),71.7,476,rock,steel,126,243.7,142,4361605,50,2351,Spark,Rock Slide,Zap Cannon,7,12,3,50000
Weavile (Shadow),71.7,461,dark,ice,183.7,136.1,136,3399317,30,2499,Snarl,Avalanche,Foul Play,4,4,3,50000
Gholdengo,71.6,1000,steel,ghost,175.4,138.3,146,3541192,25.5,2495,Hex,Shadow Ball,Focus Blast,5,7,5,10000
Golem,71.6,76,rock,ground,162.1,155.3,153,3851246,32.5,2498,Mud Shot,Stone Edge,Rock Blast,7,5,1,10000
Dusknoir,71.5,477,ghost,none,153.2,223.2,118,4035710,48.5,2489,Hex,Shadow Ball,Dark Pulse,5,5,3,50000
Glalie,71.5,362,ice,none,148.7,148.7,172,3804904,50,2380,Ice Shard,Avalanche,Shadow Ball,5,6,3,50000
Groudon,71.4,383,ground,none,174.3,153.3,134,3580557,22.5,2500,Mud Shot,Precipice Blades,Fire Punch,7,5,20,100000
Kartana,71.4,798,grass,steel,218.4,127.6,102,2842159,25,2493,Razor Leaf,Leaf Blade,Night Slash,9,9,20,100000
Torterra (Shadow),71.3,389,grass,ground,155.1,152.1,170,4008159,33.5,2493,Razor Leaf,Frenzy Plant,Stone Edge,12,14,3,10000
Zweilous,71.3,634,dark,dragon,146.2,126,160,2948691,50,2079,Dragon Breath,Body Slam,Dark Pulse,12,17,5,75000
Omastar,71.2,139,rock,water,163.3,163.3,143,3813506,36.5,2497,Mud Shot,Rock Slide,Rock Blast,5,5,5,75000
Torterra,71.2,389,grass,ground,155.1,152.1,170,4008159,33.5,2493,Razor Leaf,Frenzy Plant,Stone Edge,12,14,3,10000
Electabuzz,71.1,125,electric,none,170.9,143.3,149,3648356,49.5,2498,Thunder Shock,Thunder Punch,Return,5,8,5,75000
Keldeo (Ordinary),71.1,647,water,fighting,177.4,134.8,145,3466877,24,2482,Poison Jab,Hydro Pump,Sacred Sword,11,5,20,100000
Tyrantrum,71.1,697,rock,dragon,169,148.5,147,3690553,30,2498,Dragon Tail,Meteor Beam,Crunch,7,5,5,75000
Magmar (Shadow),71,126,fire,none,174.4,139.5,146,3551007,48,2489,Karate Chop,Fire Punch,Scorching Sands,5,7,5,75000
Meloetta (Aria),70.9,648,normal,psychic,164.7,150.2,151,3735910,22.5,2484,Quick Attack,Psyshock,Dazzling Gleam,6,9,20,100000
Entei,70.8,244,fire,none,164.4,127.9,179,3763075,26.5,2490,Fire Spin,Scorching Sands,Flame Charge,5,5,20,100000
Weavile,70.8,461,dark,ice,183.7,136.1,136,3399317,30,2499,Snarl,Avalanche,Foul Play,4,4,3,50000
Girafarig (Shadow),70.7,203,normal,psychic,165.5,124.4,157,3232186,50,2314,Confusion,Psychic Fangs,Trailblaze,3,5,3,50000
Heatmor,70.7,631,fire,none,172.7,118.7,175,3588455,48,2490,Fire Spin,Thunder Punch,Flamethrower,4,6,3,50000
Slowking (Galarian),70.7,199,poison,psychic,151.7,151.7,178,4094527,38.5,2493,Hex,Surf,Shadow Ball,4,5,3,50000
Camerupt (Shadow),70.6,323,fire,ground,175.6,126.9,157,3498579,50,2479,Incinerate,Earth Power,Overheat,3,3,3,50000
Durant,70.6,632,bug,steel,174.5,158.1,129,3559047,38,2494,Bug Bite,X-Scissor,Stone Edge,14,19,3,50000
Blissey,70.5,242,normal,none,104.8,143.8,395,5952508,38.5,2499,Zen Headbutt,Wild Charge,Psychic,8,10,5,75000
Electrode,70.5,101,electric,none,158,158,142,3543829,50,2373,Volt Switch,Discharge,Foul Play,3,3,3,50000
Tyranitar (Shadow),70.5,248,rock,dark,167.7,143.8,154,3713313,23.5,2496,Smack Down,Brutal Swing,Stone Edge,5,7,5,75000
Hypno (Shadow),70.4,97,psychic,none,133.6,174.8,178,4156705,50,2363,Confusion,Fire Punch,Ice Punch,4,4,3,50000
Kyogre,70.4,382,water,none,174.3,153.3,134,3580557,22.5,2500,Waterfall,Surf,Origin Pulse,5,8,20,100000
Aggron,70.3,306,steel,rock,150.2,199.3,138,4132999,32,2495,Smack Down,Meteor Beam,Heavy Slam,8,7,1,10000
Articuno (Galarian),70.2,144,psychic,flying,172,141.7,148,3606538,25.5,2494,Psycho Cut,Ancient Power,Brave Bird,5,7,20,100000
Celebi,70.2,251,psychic,grass,155.5,154.8,166,3996896,27.5,2493,Confusion,Seed Bomb,Leaf Storm,4,5,20,100000
Kleavor,70.2,900,bug,rock,186.3,134.5,133,3333748,29,2499,Quick Attack,X-Scissor,Stone Edge,5,7,5,75000
Latias,70.2,380,dragon,psychic,159.5,178.1,137,3893026,26.5,2497,Dragon Breath,Mist Ball,Thunder,20,20,20,100000
Zygarde (10% Forme),70.2,718,dragon,ground,175.2,156.1,130,3555115,48,2499,Dragon Tail,Crunch,Earthquake,5,8,20,100000
Entei (Shadow),70.1,244,fire,none,164.4,127.9,179,3763075,26.5,2490,Fire Spin,Scorching Sands,Flame Charge,5,5,20,100000
Garchomp (Shadow),70.1,445,dragon,ground,171.1,132,161,3634545,23,2496,Dragon Tail,Sand Tomb,Outrage,5,7,5,75000
Zamazenta (Hero),70.1,889,fighting,none,168.4,162.5,134,3667246,23.5,2485,Quick Attack,Close Combat,Crunch,6,6,20,100000
Girafarig,69.9,203,normal,psychic,165.5,124.4,157,3232186,50,2314,Confusion,Psychic Fangs,Trailblaze,3,5,3,50000
Houndoom (Shadow),69.9,229,dark,fire,180.2,125.7,152,3441593,40,2494,Snarl,Crunch,Flamethrower,4,5,3,50000
Kingler,69.9,99,water,none,187.3,148.3,120,3333406,35.5,2498,Mud Shot,Crabhammer,X-Scissor,6,5,3,50000
Rhyperior (Shadow),69.9,464,ground,rock,163.6,136.9,170,3809219,25,2499,Mud Slap,Rock Wrecker,Breaking Swipe,6,4,3,50000
Breloom,69.8,286,grass,fighting,194.2,122.9,134,3198410,40.5,2499,Counter,Dynamic Punch,Grass Knot,8,8,3,50000
Garchomp,69.8,445,dragon,ground,171.1,132,161,3634545,23,2496,Dragon Tail,Sand Tomb,Outrage,5,7,5,75000
Rhyperior,69.7,464,ground,rock,163.6,136.9,170,3809219,25,2499,Mud Slap,Breaking Swipe,Rock Wrecker,4,6,3,50000
Exeggutor (Alolan) (Shadow),69.6,103,grass,dragon,172.7,122.9,169,3587353,30,2489,Dragon Tail,Seed Bomb,Draco Meteor,5,8,3,50000
Magmortar,69.5,467,fire,none,182.1,132.8,141,3409646,29.5,2496,Karate Chop,Fire Punch,Thunderbolt,5,7,5,75000
Gurdurr,69.4,533,fighting,none,163.9,125.2,178,3651822,50,2452,Poison Jab,Stone Edge,Brick Break,8,6,5,75000
Lopunny,69.4,428,normal,none,143.7,175.6,149,3760083,50,2328,Double Kick,Triple Axel,Fire Punch,4,4,3,50000
Seviper,69.4,336,poison,none,177.3,111.8,161,3190279,50,2380,Poison Jab,Crunch,Poison Fang,7,6,3,50000
Aerodactyl,69.3,142,rock,flying,174,134.5,153,3580896,37,2496,Steel Wing,Rock Slide,Earth Power,7,8,5,75000
Crocalor,69.3,910,fire,none,148.7,125.2,173,3221621,50,2189,Incinerate,Crunch,Disarming Voice,3,3,3,10000
Kyogre (Shadow),69.3,382,water,none,174.3,153.3,134,3580557,22.5,2500,Waterfall,Surf,Origin Pulse,5,8,20,100000
Aerodactyl (Shadow),69.2,142,rock,flying,174,134.5,153,3580896,37,2496,Steel Wing,Rock Slide,Earth Power,7,8,5,75000
Glalie (Shadow),69.2,362,ice,none,148.7,148.7,172,3804904,50,2380,Ice Shard,Avalanche,Shadow Ball,5,6,3,50000
Gligar (Shadow),69.2,207,ground,flying,132.8,167.2,149,3307998,50,2099,Wing Attack,Aerial Ace,Night Slash,5,5,5,75000
Infernape (Shadow),69.2,392,fire,fighting,177.7,128.8,153,3502927,37.5,2500,Fire Spin,Close Combat,Blast Burn,5,5,3,10000
Kangaskhan,69.2,115,normal,none,149,141.7,198,4180854,43,2496,Mud Slap,Power-Up Punch,Outrage,4,7,3,50000
Rhydon (Shadow),69.2,112,ground,rock,163.3,132.4,176,3804487,29,2494,Mud Slap,Breaking Swipe,Stone Edge,4,7,3,50000
Torkoal,69.1,324,fire,none,139.5,183.2,157,4011742,50,2366,Fire Spin,Overheat,Earthquake,6,7,3,50000
Bisharp,69,625,dark,steel,179.8,143.4,134,3454422,34.5,2494,Snarl,Dark Pulse,Iron Head,4,4,5,75000
Comfey,69,764,fairy,none,151.3,193.3,129,3771020,50,2392,Vine Whip,Grass Knot,Draining Kiss,7,7,3,50000
Jolteon,69,135,electric,none,178.4,147.7,132,3479068,33,2498,Volt Switch,Discharge,Last Resort,3,4,5,75000
Nidoking (Shadow),69,34,poison,ground,166.5,136.1,164,3714170,42,2486,Double Kick,Sand Tomb,Earth Power,4,5,3,50000
Aggron (Shadow),68.9,306,steel,rock,150.2,199.3,138,4132999,32,2495,Smack Down,Meteor Beam,Heavy Slam,8,7,1,10000
Alakazam (Shadow),68.9,65,psychic,none,202.8,128.6,118,3076789,30.5,2500,Counter,Fire Punch,Shadow Ball,6,8,3,50000
Beartic,68.9,614,ice,none,173.4,121.5,169,3559666,30,2484,Powder Snow,Ice Punch,Surf,5,5,3,50000
Rhydon,68.8,112,ground,rock,163.3,132.4,176,3804487,29,2494,Mud Slap,Breaking Swipe,Stone Edge,4,7,3,50000
Lokix,68.7,920,bug,dark,175.5,130.4,155,3548853,46,2496,Sucker Punch,X-Scissor,Dark Pulse,6,8,1,50000
Cherrim (Sunshine),68.6,421,grass,none,155.5,141.2,157,3445477,50,2315,Bullet Seed,Weather Ball (Fire),Solar Beam,3,7,1,10000
Espeon,68.6,196,psychic,none,191.1,134.8,126,3246027,28.5,2500,Confusion,Psychic Fangs,Shadow Ball,3,5,5,75000
Braviary (Hisuian),68.5,628,psychic,flying,166.5,114.3,196,3732007,36,2495,Air Slash,Brave Bird,Fly,7,5,5,75000
Glaceon,68.5,471,ice,none,176.3,157.4,127,3525617,29.5,2500,Ice Shard,Avalanche,Icy Wind,5,5,5,75000
Magmar,68.5,126,fire,none,174.4,139.5,146,3551007,48,2489,Karate Chop,Fire Punch,Scorching Sands,5,7,5,75000
Exeggutor (Alolan),68.4,103,grass,dragon,172.7,122.9,169,3587353,30,2489,Dragon Tail,Seed Bomb,Draco Meteor,5,8,3,50000
Marowak (Alolan) (Shadow),68.4,105,fire,ghost,133.6,168.9,142,3204426,50,2075,Fire Spin,Shadow Bone,Bone Club,5,4,3,50000
Krookodile,68.3,553,ground,dark,171.9,126.9,166,3621044,31,2500,Snarl,Crunch,Earthquake,4,5,5,75000
Masquerain,68.3,284,bug,flying,171.2,136.2,156,3637065,49,2497,Air Slash,Lunge,Air Cutter,5,7,1,10000
Oricorio (Pom-Pom),68.3,741,electric,flying,172.6,130.8,160,3612607,45.5,2499,Air Slash,Aerial Ace,Hurricane,5,8,3,75000
Armaldo (Shadow),68.2,348,rock,bug,172.2,143.4,146,3604964,34.5,2495,Fury Cutter,Rock Blast,Liquidation,10,12,3,50000
Kabutops,68.2,141,rock,water,175.8,155.4,130,3549720,39,2500,Mud Shot,Stone Edge,Ancient Power,7,5,5,75000
Latias (Shadow),68.2,380,dragon,psychic,159.5,178.1,137,3893026,26.5,2497,Dragon Breath,Mist Ball,Thunder,20,20,20,100000
Simipour,68.1,516,water,none,176.6,122.4,163,3523110,48.5,2495,Water Gun,Surf,Crunch,14,15,3,50000
Simisear,68,514,fire,none,176.6,122.4,163,3523110,48.5,2495,Fire Spin,Crunch,Flamethrower,5,6,3,50000
Wailord (Shadow),68,321,water,none,157.1,83.2,304,3973920,50,2499,Water Gun,Scald,Blizzard,17,25,1,10000
Flareon,67.9,136,fire,none,184.4,139.4,131,3369105,31,2495,Fire Spin,Superpower,Flamethrower,4,6,5,75000
Gligar,67.9,207,ground,flying,132.8,167.2,149,3307998,50,2099,Wing Attack,Aerial Ace,Night Slash,5,5,5,75000
Ribombee,67.8,743,bug,fairy,179,135.3,142,3438449,50,2488,Fairy Wind,Bug Buzz,Dazzling Gleam,7,8,1,10000
Rotom (Frost),67.8,479,electric,ice,167.5,183.5,121,3719845,41.5,2499,Thunder Shock,Thunderbolt,Blizzard,7,9,5,75000
Vespiquen,67.7,416,bug,flying,137.8,172.3,157,3727058,50,2267,Fury Cutter,X-Scissor,Power Gem,10,15,3,50000
Alakazam,67.6,65,psychic,none,202.8,128.6,118,3076789,30.5,2500,Counter,Fire Punch,Shadow Ball,6,8,3,50000
Tyranitar,67.5,248,rock,dark,167.7,143.8,154,3713313,23.5,2496,Smack Down,Brutal Swing,Stone Edge,5,7,5,75000
Weezing,67.5,110,poison,none,153.8,177.3,148,4035190,50,2497,Infestation,Sludge Bomb,Shadow Ball,5,5,3,50000
Cacturne,67.4,332,grass,dark,193.9,107.3,154,3204466,47,2495,Sand Attack,Grass Knot,Dark Pulse,13,13,3,50000
Mr. Rime,67.4,866,ice,psychic,165.9,146,155,3754602,35.5,2497,Ice Shard,Icy Wind,Psychic,5,6,5,75000
Arboliva,67.3,930,grass,normal,166.7,151.1,148,3727859,31.5,2494,Magical Leaf,Earth Power,Seed Bomb,6,5,3,50000
Toxapex,67.3,748,poison,water,108.4,242,127,3331614,50,1905,Poison Jab,Brine,Sludge Wave,8,10,3,50000
Houndoom,67.2,229,dark,fire,180.2,125.7,152,3441593,40,2494,Snarl,Crunch,Flamethrower,4,5,3,50000
Mismagius,67.2,429,ghost,none,170.5,160.1,133,3630556,40.5,2489,Hex,Shadow Ball,Dark Pulse,5,5,3,50000
Mismagius (Shadow),67.1,429,ghost,none,170.5,160.1,133,3630556,40.5,2489,Hex,Shadow Ball,Dark Pulse,5,5,3,50000
Purugly (Shadow),67,432,normal,none,157.1,124.4,158,3087658,50,2208,Shadow Claw,Aerial Ace,Thunder,5,8,3,50000
Tapu Lele,66.9,786,psychic,fairy,179.8,150.5,127,3437989,26,2490,Confusion,Psyshock,Moonblast,4,5,20,100000
Tauros,66.7,128,normal,none,160.9,157,153,3865309,40.5,2494,Tackle,Horn Attack,Trailblaze,12,17,3,50000
Chimecho,66.6,358,psychic,none,157.1,155.5,162,3957283,50,2495,Extrasensory,Psyshock,Shadow Ball,5,6,5,75000
Gigalith,66.6,526,rock,none,164.7,153.3,149,3763758,28.5,2496,Smack Down,Superpower,Meteor Beam,5,8,3,50000
Oricorio (Baile),66.6,741,fire,flying,172.6,130.8,160,3612607,45.5,2499,Air Slash,Aerial Ace,Hurricane,5,8,3,75000
Zoroark,66.6,571,dark,none,204.2,112.5,133,3055646,41.5,2500,Shadow Claw,Foul Play,Flamethrower,6,7,5,75000
Beedrill,66.5,15,bug,poison,154.6,121.8,149,2806990,50,2087,Poison Jab,Drill Run,X-Scissor,7,6,1,10000
Sharpedo (Shadow),66.5,319,water,dark,216.8,82.3,157,2802942,50,2466,Waterfall,Crunch,Poison Fang,6,5,3,50000
Emboar,66.4,500,fire,fighting,178.5,104.1,188,3494597,32,2498,Ember,Blast Burn,Rock Slide,9,8,3,10000
Sawk,66.4,539,fighting,none,181.3,127.2,149,3434728,35,2497,Poison Jab,Body Slam,Brick Break,5,6,5,75000
Beedrill (Shadow),66.3,15,bug,poison,154.6,121.8,149,2806990,50,2087,Poison Jab,Drill Run,X-Scissor,7,6,1,10000
Basculin,66,550,water,none,171.4,121,157,3256575,50,2363,Water Gun,Aqua Tail,Muddy Water,12,12,1,10000
Graveler (Alolan) (Shadow),66,75,rock,electric,150.4,150.4,135,3054278,50,2145,Volt Switch,Stone Edge,Rock Blast,4,3,1,10000
Graveler (Shadow),66,75,rock,ground,150.4,150.4,135,3054278,50,2145,Mud Shot,Rock Slide,Dig,5,6,1,10000
Jumpluff (Shadow),66,189,grass,flying,111.8,166.4,164,3049506,50,1850,Fairy Wind,Aerial Ace,Acrobatics,5,7,3,50000
Spiritomb,66,442,ghost,dark,154.6,179.8,127,3531052,50,2343,Sucker Punch,Shadow Ball,Shadow Sneak,8,7,5,75000
Marowak (Alolan),65.8,105,fire,ghost,133.6,168.9,142,3204426,50,2075,Fire Spin,Shadow Bone,Bone Club,5,4,3,50000
Weezing (Shadow),65.8,110,poison,none,153.8,177.3,148,4035190,50,2497,Infestation,Sludge Bomb,Shadow Ball,5,5,3,50000
Cacturne (Shadow),65.7,332,grass,dark,193.9,107.3,154,3204466,47,2495,Sand Attack,Dark Pulse,Grass Knot,13,13,3,50000
Lycanroc (Dusk),65.5,745,rock,none,186.3,119.5,150,3339023,37.5,2498,Counter,Stone Edge,Crunch,8,7,5,50000
Nidoking,65.5,34,poison,ground,166.5,136.1,164,3714170,42,2486,Double Kick,Sand Tomb,Earth Power,4,5,3,50000
Klefki,65.4,707,steel,fairy,147.1,163,137,3284196,50,2204,Astonish,Foul Play,Play Rough,5,6,3,50000
Arcanine,65.3,59,fire,none,171.2,130.6,163,3643261,31,2497,Snarl,Crunch,Flamethrower,4,5,3,50000
Maractus,65.1,556,grass,none,178.5,119.8,163,3484880,49.5,2496,Bullet Seed,Aerial Ace,Petal Blizzard,4,5,1,10000
Dedenne,65,702,electric,fairy,150.4,125.2,152,2862540,50,2081,Thunder Shock,Discharge,Play Rough,5,7,3,50000
Oricorio (Sensu),65,741,ghost,flying,172.6,130.8,160,3612607,45.5,2499,Air Slash,Aerial Ace,Hurricane,5,8,3,75000
Exploud,64.8,295,normal,none,158,124.2,201,3945180,46.5,2500,Astonish,Crunch,Disarming Voice,5,5,1,10000
Garbodor,64.8,569,poison,none,159.3,147.7,166,3906089,47,2499,Infestation,Body Slam,Seed Bomb,3,4,3,50000
Metagross,64.8,376,steel,psychic,172.1,156.4,134,3607384,24,2493,Bullet Punch,Meteor Mash,Earthquake,8,10,5,75000
Sunflora,64.8,192,grass,none,168.1,126,164,3474032,50,2421,Bullet Seed,Leaf Storm,Sludge Bomb,5,4,3,50000
Armaldo,64.7,348,rock,bug,172.2,143.4,146,3604964,34.5,2495,Fury Cutter,Rock Blast,Liquidation,10,12,3,50000
Toucannon,64.7,733,normal,flying,176.8,125.4,158,3503553,38,2496,Bullet Seed,Drill Peck,Rock Blast,4,4,1,10000
Fearow,64.6,22,normal,flying,165.5,124.4,149,3067489,50,2257,Steel Wing,Aerial Ace,Drill Run,6,7,1,10000
Chandelure,64.5,609,ghost,fire,194.8,137.3,119,3182125,27.5,2490,Fire Spin,Shadow Ball,Flame Charge,6,5,5,75000
Exploud (Shadow),64.5,295,normal,none,158,124.2,201,3945180,46.5,2500,Astonish,Crunch,Disarming Voice,5,5,1,10000
Lunatone,64.5,337,rock,psychic,157.2,138.2,182,3953726,46.5,2497,Confusion,Rock Slide,Moonblast,4,5,3,50000
Munchlax,64.5,446,normal,none,127.7,110.9,252,3570153,50,2139,Tackle,Body Slam,Bulldoze,12,20,5,10000
Rotom (Mow),64.5,479,electric,grass,167.5,183.5,121,3719845,41.5,2499,Thunder Shock,Thunderbolt,Ominous Wind,7,5,5,75000
Sawk (Shadow),64.5,539,fighting,none,181.3,127.2,149,3434728,35,2497,Poison Jab,Body Slam,Focus Blast,5,11,5,75000
Marowak (Shadow),64.4,105,ground,none,133.6,168.9,142,3204426,50,2075,Mud Slap,Rock Slide,Bone Club,5,4,3,50000
Sharpedo,64.4,319,water,dark,216.8,82.3,157,2802942,50,2466,Waterfall,Crunch,Poison Fang,6,5,3,50000
Grumpig,64.3,326,psychic,none,146.6,169.2,170,4218159,49.5,2493,Extrasensory,Shadow Ball,Psychic,6,6,1,10000
Jumpluff,64.3,189,grass,flying,111.8,166.4,164,3049506,50,1850,Fairy Wind,Aerial Ace,Acrobatics,5,7,3,50000
Shelgon,64.2,372,dragon,none,157.1,142.9,149,3344610,50,2296,Dragon Breath,Flamethrower,Dragon Pulse,19,20,5,75000
Shiinotic,64.2,756,grass,fairy,142,153.8,142,3100951,50,2104,Astonish,Moonblast,Seed Bomb,6,5,3,50000
Marshtomp,64.1,259,water,ground,143.7,124.4,157,2805603,50,2008,Mud Shot,Mud Bomb,Surf,5,5,3,10000
Marshtomp (Shadow),64.1,259,water,ground,143.7,124.4,157,2805603,50,2008,Mud Shot,Mud Bomb,Surf,5,5,3,10000
Xurkitree,64.1,796,electric,none,215.9,101.9,131,2881005,23,2497,Thunder Shock,Discharge,Power Whip,5,6,20,100000
Graveler (Alolan),64,75,rock,electric,150.4,150.4,135,3054278,50,2145,Volt Switch,Stone Edge,Rock Blast,4,3,1,10000
Arcanine (Hisuian),63.9,59,fire,rock,169.8,129.5,165,3627507,29,2485,Snarl,Rock Slide,Crunch,4,4,3,50000
Grotle (Shadow),63.9,388,grass,none,144.5,132.8,164,3147010,50,2137,Razor Leaf,Body Slam,Energy Ball,9,14,3,10000
Purugly,63.8,432,normal,none,157.1,124.4,158,3087658,50,2208,Shadow Claw,Aerial Ace,Thunder,5,8,3,50000
Regidrago,63.8,895,dragon,none,154.1,85.9,305,4038371,31.5,2498,Bite,Breaking Swipe,Outrage,18,30,20,100000
Metagross (Shadow),63.7,376,steel,psychic,172.1,156.4,134,3607384,24,2493,Bullet Punch,Meteor Mash,Psychic,8,8,5,75000
Ursaluna,63.6,901,ground,normal,162.5,125.6,188,3839029,23.5,2500,Tackle,Ice Punch,High Horsepower,14,20,3,50000
Regieleki,63.5,894,electric,none,194.9,104.4,157,3193836,36,2497,Lock On,Thunder,Hyper Beam,12,16,20,100000
Shaymin (Sky),63.5,492,grass,flying,180.5,121.2,158,3458020,26,2498,Magical Leaf,Grass Knot,Energy Ball,5,6,20,100000
Venomoth,63.5,49,bug,poison,163,132.8,157,3398030,50,2354,Confusion,Poison Fang,Silver Wind,4,4,3,50000
Exeggutor (Shadow),63.4,103,grass,psychic,175.6,121.5,166,3540669,31.5,2498,Bullet Seed,Seed Bomb,Psychic,4,5,3,50000
Graveler,63.3,75,rock,ground,150.4,150.4,135,3054278,50,2145,Mud Shot,Rock Slide,Dig,5,6,1,10000
Lunala,63.3,792,psychic,ghost,166,129.3,175,3755496,22.5,2500,Confusion,Shadow Ball,Moonblast,5,5,20,100000
Grumpig (Shadow),63.1,326,psychic,none,146.6,169.2,170,4218159,49.5,2493,Extrasensory,Shadow Ball,Psychic,6,6,1,10000
Sawsbuck,63,586,normal,grass,167.5,131.2,169,3715383,47,2496,Feint Attack,Wild Charge,Trailblaze,8,9,3,50000
Solrock,63,338,rock,psychic,157.2,138.2,182,3953726,46.5,2497,Confusion,Rock Slide,Psychic,4,5,3,50000
Marowak,62.9,105,ground,none,133.6,168.9,142,3204426,50,2075,Mud Slap,Rock Slide,Bone Club,5,4,3,50000
Claydol,62.8,344,ground,psychic,130.2,205,142,3792090,50,2229,Mud Slap,Scorching Sands,Shadow Ball,6,7,3,50000
Oricorio (Pa'u),62.6,741,psychic,flying,172.6,130.8,160,3612607,45.5,2499,Air Slash,Aerial Ace,Hurricane,5,8,3,75000
Salamence (Shadow),62.6,373,dragon,flying,186.5,117.7,152,3335828,24.5,2500,Dragon Tail,Outrage,Hydro Pump,7,9,5,75000
Togetic,62.4,176,fairy,flying,129.4,164.7,135,2877261,50,1931,Fairy Wind,Aerial Ace,Ancient Power,5,5,3,50000
Rotom,62.3,479,electric,ghost,168.1,146.2,127,3120698,50,2296,Thunder Shock,Thunderbolt,Ominous Wind,7,5,5,75000
Grotle,62.1,388,grass,none,144.5,132.8,164,3147010,50,2137,Razor Leaf,Body Slam,Energy Ball,9,14,3,10000
Mr. Mime,62.1,122,psychic,fairy,173.4,184.3,112,3580104,49.5,2494,Confusion,Shadow Ball,Psychic,5,5,5,75000
Clawitzer,61.9,693,water,none,174.1,142.5,144,3572394,36.5,2494,Water Gun,Crabhammer,Dark Pulse,17,17,3,50000
Azumarill,61.8,184,water,fairy,106.7,140.3,201,3010128,50,1795,Bubble,Play Rough,Ice Beam,6,5,3,50000
Beheeyem,61.8,606,psychic,none,174.1,136.3,150,3560325,36.5,2497,Confusion,Rock Slide,Dark Pulse,4,5,3,50000
Cinccino,61.8,573,normal,none,176.8,121.5,163,3500440,49.5,2490,Charm,Aqua Tail,Thunderbolt,6,10,3,50000
Shelgon (Shadow),61.8,372,dragon,none,157.1,142.9,149,3344610,50,2296,Dragon Breath,Flamethrower,Dragon Pulse,19,20,5,75000
Stantler (Shadow),61.8,234,normal,none,173.9,122.7,161,3435721,50,2447,Tackle,Wild Charge,Stomp,15,14,3,50000
Xatu (Shadow),61.8,178,psychic,flying,173.9,135.3,149,3506318,50,2474,Air Slash,Aerial Ace,Future Sight,5,8,3,50000
Exeggutor,61.7,103,grass,psychic,175.6,121.5,166,3540669,31.5,2498,Bullet Seed,Seed Bomb,Psychic,4,5,3,50000
Floatzel,61.7,419,water,none,184,105.5,173,3358278,45.5,2488,Water Gun,Liquidation,Swift,15,19,3,50000
Ursaluna (Shadow),61.7,901,ground,normal,162.5,125.6,188,3839029,23.5,2500,Tackle,High Horsepower,Ice Punch,20,14,3,50000
Absol (Shadow),61.6,359,dark,none,201.5,107.6,142,3078122,42.5,2491,Snarl,Dark Pulse,Megahorn,4,5,5,75000
Ambipom,61.6,424,normal,none,173.8,127.5,162,3590127,47.5,2500,Astonish,Aerial Ace,Return,4,7,3,50000
Araquanid,61.6,752,water,bug,118.5,196.6,154,3587769,50,2065,Infestation,Bug Buzz,Water Pulse,5,5,3,50000
Carbink,61.6,703,rock,fairy,92.4,252.1,127,2959282,50,1658,Rock Throw,Rock Slide,Moonblast,9,12,5,75000
Crabominable,61.5,740,fighting,ice,177.7,113.5,174,3510400,32.5,2497,Bubble,Ice Punch,Brick Break,4,4,3,50000
Octillery,61.4,224,water,none,172.5,128.7,161,3575365,47,2489,Lock On,Water Pulse,Octazooka,11,10,1,10000
Stantler,61.3,234,normal,none,173.9,122.7,161,3435721,50,2447,Tackle,Wild Charge,Stomp,15,14,3,50000
Salamence,61.2,373,dragon,flying,186.5,117.7,152,3335828,24.5,2500,Dragon Tail,Outrage,Return,7,8,5,75000
Starmie,61.2,121,water,psychic,171,158.3,134,3626255,41,2493,Quick Attack,Ice Beam,Thunder,7,8,3,50000
Meowstic (Female),61,678,psychic,none,152.1,152.9,163,3791459,50,2401,Confusion,Shadow Ball,Psychic,5,5,3,50000
Xatu,60.9,178,psychic,flying,173.9,135.3,149,3506318,50,2474,Air Slash,Aerial Ace,Future Sight,5,8,3,50000
Swanna,60.8,581,water,flying,165.5,123.5,164,3353483,50,2361,Water Gun,Hurricane,Ice Beam,22,19,3,50000
Sneasel,60.7,215,dark,ice,171.4,135.3,135,3130823,50,2319,Ice Shard,Avalanche,Foul Play,5,5,3,50000
Meowstic (Male),60.6,678,psychic,none,152.1,152.9,163,3791459,50,2401,Confusion,Thunderbolt,Psychic,5,5,3,50000
Venomoth (Shadow),60.6,49,bug,poison,163,132.8,157,3398030,50,2354,Confusion,Poison Fang,Silver Wind,4,4,3,50000
Rampardos (Shadow),60.5,409,rock,none,211,86.1,162,2942449,27,2495,Smack Down,Rock Slide,Flamethrower,6,7,5,75000
Unfezant,60.4,521,normal,flying,179.3,121.8,159,3473001,37.5,2495,Steel Wing,Sky Attack,Hyper Beam,8,12,1,10000
Ambipom (Shadow),60.3,424,normal,none,173.8,127.5,162,3590127,47.5,2500,Astonish,Aerial Ace,Low Sweep,4,4,3,50000
Lilligant,60.3,549,grass,none,175.6,136.1,148,3536066,43,2499,Charm,Petal Blizzard,Hyper Beam,11,14,1,10000
Sealeo (Shadow),60,364,ice,water,127.7,123.5,186,2934557,50,1938,Powder Snow,Body Slam,Water Pulse,5,7,3,50000
Bastiodon,59.7,411,rock,steel,91.6,252.9,142,3289653,50,1741,Smack Down,Stone Edge,Flamethrower,7,7,5,75000
Lairon (Shadow),59.6,305,steel,rock,145.4,179,142,3694731,50,2324,Metal Claw,Rock Slide,Body Slam,8,6,1,10000
Magcargo,59.5,219,fire,rock,129.4,173.1,127,2844857,50,1924,Incinerate,Stone Edge,Overheat,3,3,1,10000
Musharna,59.5,518,psychic,none,146.4,139.4,208,4246921,38,2498,Charge Beam,Psyshock,Dazzling Gleam,5,7,3,50000
Dunsparce,59.2,206,normal,none,122.7,120.2,201,2963150,50,1909,Rollout,Drill Run,Rock Slide,4,4,3,50000
Darkrai,59.1,491,dark,none,193.1,136.8,121,3195123,24,2484,Snarl,Dark Pulse,Shadow Ball,4,5,20,100000
Lairon,59.1,305,steel,rock,145.4,179,142,3694731,50,2324,Metal Claw,Rock Slide,Body Slam,8,6,1,10000
Sneasel (Shadow),59.1,215,dark,ice,171.4,135.3,135,3130823,50,2319,Ice Shard,Avalanche,Foul Play,5,5,3,50000
Dartrix,59,723,grass,flying,131.9,129.4,168,2868127,50,1950,Leafage,Brave Bird,Energy Ball,8,8,3,10000
Lumineon,59,457,water,none,131.9,155.5,155,3178863,50,2050,Water Gun,Water Pulse,Silver Wind,19,15,3,50000
Mesprit,58.9,481,psychic,none,159.4,166.7,147,3905898,31,2499,Confusion,Future Sight,Blizzard,6,7,20,100000
Bibarel (Shadow),58.8,400,normal,water,148.7,112.6,170,2847054,50,2061,Water Gun,Surf,Hyper Fang,14,17,1,10000
Sliggoo,58.8,705,dragon,none,146.2,160.5,154,3613866,50,2303,Water Gun,Muddy Water,Dragon Pulse,12,20,5,75000
Mienshao,58.7,620,fighting,none,203.4,109.4,137,3047401,36.5,2490,Poison Jab,Blaze Kick,Stone Edge,6,8,3,50000
Parasect,58.7,47,bug,grass,151.3,135.3,142,2905731,50,2102,Fury Cutter,X-Scissor,Cross Poison,10,9,3,50000
Bastiodon (Shadow),58.6,411,rock,steel,91.6,252.9,142,3289653,50,1741,Smack Down,Stone Edge,Flamethrower,7,7,5,75000
Bibarel,58.5,400,normal,water,148.7,112.6,170,2847054,50,2061,Water Gun,Surf,Hyper Fang,14,17,1,10000
Lycanroc (Midday),58.1,745,rock,none,184.6,120,152,3365988,38,2498,Sucker Punch,Stone Edge,Drill Run,8,7,5,50000
Jynx,58,124,ice,psychic,183,130.9,142,3401181,42.5,2495,Confusion,Avalanche,Psyshock,4,4,5,75000
Sigilyph,57.9,561,psychic,flying,167.3,145.7,152,3703112,42,2489,Air Slash,Ancient Power,Signal Beam,5,7,5,75000
Accelgor,57.8,617,bug,none,183.4,110.1,167,3371845,45,2488,Water Shuriken,Bug Buzz,Signal Beam,5,4,3,50000
Absol,57.7,359,dark,none,201.5,107.6,142,3078122,42.5,2491,Snarl,Dark Pulse,Megahorn,4,5,5,75000
Noivern,57.7,715,flying,dragon,162.5,144,164,3839588,36.5,2498,Air Slash,Hurricane,Draco Meteor,8,8,5,75000
Darmanitan (Galarian),57.6,555,ice,none,193.7,93.6,176,3191384,29.5,2488,Ice Fang,Avalanche,Superpower,9,8,3,50000
Porygon-Z,57.5,474,normal,none,191.1,117.7,145,3261158,28.5,2500,Lock On,Tri Attack,Zap Cannon,10,16,3,50000
Kecleon,57.3,352,normal,none,147.9,171.4,142,3599979,50,2314,Sucker Punch,Aerial Ace,Foul Play,6,7,5,75000
Volcarona,57.3,637,bug,fire,180.3,134.3,142,3438074,25,2492,Fire Spin,Overheat,Bug Buzz,6,6,5,75000
Sealeo,57.2,364,ice,water,127.7,123.5,186,2934557,50,1938,Powder Snow,Body Slam,Water Pulse,5,7,3,50000
Mr. Mime (Galarian),57,122,ice,psychic,166.4,154.6,127,3267048,50,2338,Confusion,Triple Axel,Ice Punch,4,4,5,75000
Boldore,56.6,525,rock,none,158.8,132.8,157,3310452,50,2293,Smack Down,Rock Slide,Stone Edge,6,7,3,50000
Rampardos,56.5,409,rock,none,211,86.1,162,2942449,27,2495,Smack Down,Rock Slide,Flamethrower,6,7,5,75000
Gorebyss,56.1,368,water,none,175.3,156.7,129,3543750,43.5,2494,Water Gun,Water Pulse,Psychic,19,19,3,50000
Throh,56.1,538,fighting,none,142.2,139.8,220,4371126,43.5,2495,Low Kick,Body Slam,Brick Break,7,8,5,75000
Gabite,55.6,444,dragon,ground,157.1,117.6,154,2846814,50,2119,Mud Shot,Dig,Flamethrower,6,7,5,75000
Pignite,55.5,499,fire,fighting,158,101.7,186,2987617,50,2175,Ember,Flame Charge,Rock Tomb,9,10,3,10000
Hoopa,55.4,720,psychic,ghost,187.1,137.5,128,3292971,26.5,2487,Confusion,Shadow Ball,Psychic,5,5,20,100000
Gabite (Shadow),55.3,444,dragon,ground,157.1,117.6,154,2846814,50,2119,Mud Shot,Dig,Flamethrower,6,7,5,75000
Swanna (Shadow),55.1,581,water,flying,165.5,123.5,164,3353483,50,2361,Water Gun,Hurricane,Ice Beam,22,19,3,50000
Brionne,55,729,water,none,153.8,134.4,142,2935812,50,2131,Water Gun,Disarming Voice,Water Pulse,15,19,3,10000
Misdreavus (Shadow),55,200,ghost,none,152.9,142,142,3084006,50,2178,Astonish,Dark Pulse,Shadow Sneak,5,5,3,50000
Raticate (Alolan),54.8,20,dark,normal,126,142,164,2935557,50,1927,Quick Attack,Crunch,Hyper Fang,6,7,1,10000
Raticate (Alolan) (Shadow),54.8,20,dark,normal,126,142,164,2935557,50,1927,Quick Attack,Crunch,Hyper Fang,6,7,1,10000
Throh (Shadow),54.7,538,fighting,none,142.2,139.8,220,4371126,43.5,2495,Low Kick,Body Slam,Brick Break,7,8,5,75000
Mightyena,54.6,262,dark,none,156.3,123.5,157,3031089,50,2177,Thunder Fang,Crunch,Poison Fang,9,8,1,10000
Porygon-Z (Shadow),54.4,474,normal,none,191.1,117.7,145,3261158,28.5,2500,Lock On,Tri Attack,Zap Cannon,10,16,3,50000
Komala,53.9,775,normal,none,176.1,144.1,139,3525459,42,2493,Rollout,Payback,Play Rough,5,5,3,50000
Mightyena (Shadow),53.8,262,dark,none,156.3,123.5,157,3031089,50,2177,Thunder Fang,Crunch,Poison Fang,9,8,1,10000
Arbok,53.7,24,poison,none,152.9,141.2,142,3065757,50,2171,Dragon Tail,Dark Pulse,Sludge Wave,6,8,3,50000
Misdreavus,53.7,200,ghost,none,152.9,142,142,3084006,50,2178,Astonish,Dark Pulse,Shadow Sneak,5,5,3,50000
Tornadus (Incarnate),52.5,641,flying,none,189.8,123.3,140,3277023,27.5,2495,Air Slash,Grass Knot,Hurricane,6,8,20,100000
Furret,52.1,162,normal,none,137,117.6,178,2868167,50,1987,Quick Attack,Dig,Brick Break,7,5,1,10000
Gumshoos,51.9,735,normal,none,175.6,107.6,184,3475704,50,2470,Bite,Crunch,Hyper Fang,23,25,1,10000
Klang,51.3,600,steel,none,138.6,158.8,142,3126820,50,2088,Thunder Shock,Thunderbolt,Vise Grip,7,5,5,75000
Seadra,51.2,117,water,none,169.7,143.7,135,3292684,50,2366,Dragon Breath,Hydro Pump,Blizzard,25,25,3,50000
Hoopa (Unbound),51.1,720,psychic,dark,201.1,129.1,117,3037339,22,2473,Confusion,Dark Pulse,Shadow Ball,5,5,20,100000
Arbok (Shadow),51,24,poison,none,152.9,141.2,142,3065757,50,2171,Dragon Tail,Dark Pulse,Sludge Wave,6,8,3,50000
Azelf,50.9,482,psychic,none,195.1,117.3,138,3159314,28,2487,Confusion,Future Sight,Fire Blast,6,7,20,100000
Deoxys (Speed),50.9,386,psychic,none,180,169.6,113,3449282,32,2492,Charge Beam,Psycho Boost,Thunderbolt,4,5,20,100000
Reuniclus,50.9,579,psychic,none,164.2,121.5,190,3789296,33,2497,Hidden Power (Psychic),Shadow Ball,Future Sight,7,9,3,50000
Wormadam (Plant),50.8,413,bug,grass,131.1,163.9,142,3050116,50,2005,Confusion,Energy Ball,Bug Buzz,5,5,1,10000
Seadra (Shadow),50.7,117,water,none,169.7,143.7,135,3292684,50,2366,Dragon Breath,Hydro Pump,Blizzard,25,25,3,50000
Cherrim (Overcast),49.8,421,grass,none,155.5,141.2,157,3445477,50,2315,Bullet Seed,Solar Beam,Dazzling Gleam,7,6,1,10000
Wormadam (Sandy),48.3,413,bug,ground,131.1,163.9,142,3050116,50,2005,Confusion,Bug Buzz,Bulldoze,5,5,1,10000
Illumise,46.4,314,bug,none,132.8,152.1,149,3008782,50,2002,Tackle,Silver Wind,Dazzling Gleam,15,24,3,50000
Vanilluxe,46,584,ice,none,169.9,150.2,143,3650141,34.5,2493,Astonish,Blizzard,Signal Beam,8,6,3,50000
Metang,44.6,375,steel,psychic,128.6,160.5,142,2930096,50,1946,Metal Claw,Psyshock,Gyro Ball,8,10,5,75000
Metang (Shadow),44.2,375,steel,psychic,128.6,160.5,142,2930096,50,1946,Metal Claw,Psyshock,Gyro Ball,8,10,5,75000
Volbeat,43.9,313,bug,none,132.8,152.1,149,3008782,50,2002,Tackle,Thunderbolt,Bug Buzz,19,20,3,50000
Shaymin (Land),41.2,492,grass,none,152.6,157.6,169,4065161,28.5,2490,Zen Headbutt,Grass Knot,Seed Flare,9,13,20,100000
Regigigas (Shadow),40,486,normal,none,178.7,137.7,141,3471447,21,2494,Hidden Power (Ground),Thunder,Focus Blast,8,10,20,100000
Regigigas,39.9,486,normal,none,178.7,137.7,141,3471447,21,2494,Hidden Power (Ground),Thunder,Focus Blast,8,10,20,100000
Chansey,35,113,normal,none,63,120.2,421,3188219,50,1418,Zen Headbutt,Psychic,Hyper Beam,10,14,5,75000
Audino,34.7,531,normal,none,108.4,149.6,205,3323780,50,1902,Zen Headbutt,Disarming Voice,Hyper Beam,8,14,3,50000
Slaking,27.8,289,normal,none,180,108.4,178,3471096,21,2500,Yawn,Body Slam,Earthquake,3,6,5,75000
