"","BUG Pokemon","Fast","Charge","DPS","TDO","TOF","ER","EER","TER","RANK","TIER","","DARK Pokemon","Fast","Charge","DPS","TDO","TOF","ER","EER","TER","RANK","TIER","","DRAGON Pokemon","Fast","Charge","DPS","TDO","TOF","ER","EER","TER","RANK","TIER","","ELECTRIC Pokemon","Fast","Charge","DPS","TDO","TOF","ER","EER","TER","RANK","TIER","","FAIRY Pokemon","Fast","Charge","DPS","TDO","TOF","ER","EER","TER","RANK","TIER","","FIGHTING Pokemon","Fast","Charge","DPS","TDO","TOF","ER","EER","TER","RANK","TIER","","FIRE Pokemon","Fast","Charge","DPS","TDO","TOF","ER","EER","TER","RANK","TIER","","FLYING Pokemon","Fast","Charge","DPS","TDO","TOF","ER","EER","TER","RANK","TIER","","GHOST Pokemon","Fast","Charge","DPS","TDO","TOF","ER","EER","TER","RANK","TIER","","GRASS Pokemon","Fast","Charge","DPS","TDO","TOF","ER","EER","TER","RANK","TIER","","GROUND Pokemon","Fast","Charge","DPS","TDO","TOF","ER","EER","TER","RANK","TIER","","ICE Pokemon","Fast","Charge","DPS","TDO","TOF","ER","EER","TER","RANK","TIER","","POISON Pokemon","Fast","Charge","DPS","TDO","TOF","ER","EER","TER","RANK","TIER","","PSYCHIC Pokemon","Fast","Charge","DPS","TDO","TOF","ER","EER","TER","RANK","TIER","","ROCK Pokemon","Fast","Charge","DPS","TDO","TOF","ER","EER","TER","RANK","TIER","","STEEL Pokemon","Fast","Charge","DPS","TDO","TOF","ER","EER","TER","RANK","TIER","","WATER Pokemon","Fast","Charge","DPS","TDO","TOF","ER","EER","TER","RANK","TIER",""
"","Mega Heracross","Struggle Bug","Megahorn","45.45","1539","33.86","109.63","100.39","77.09","108.90%","S-","","Mega Tyranitar","Bite","Brutal Swing","50.83","2463","48.47","134.11","121.71","90.97","126.48%","S+","","Mega Rayquaza ","Dragon Tail","Outrage","38.45","1453","37.79","95.34","87.06","66.30","120.19%","S","","Shadow Raikou","Thunder Shock","Wild Charge","49.13","1325","26.96","111.95","103.10","80.53","101.26%","A","","Mega Gardevoir","Charm","Dazzling Gleam","50.60","1576","31.16","119.54","109.69","84.75","116.23%","S","","Mega Lucario","Counter","Aura Sphere","59.76","1473","24.66","133.16","122.91","96.65","116.97%","S","","Mega Blaziken","Fire Spin","Blast Burn*","58.05","1511","26.03","131.12","120.86","94.65","111.97%","S-","","Mega Rayquaza","Air Slash","Dragon Ascent*","68.46","2297","33.54","164.76","150.91","115.96","146.74%","S+","","Mega Gengar","Lick*","Shadow Ball","36.91","932","25.25","82.72","76.31","59.90","117.54%","S","","Mega Sceptile","Bullet Seed","Frenzy Plant*","54.37","1418","26.08","122.88","113.26","88.68","108.87%","S-","","Primal Groudon","Mud Shot","Precipice Blades*","56.08","2566","45.76","145.86","132.56","99.51","127.43%","S+","","Shadow Mamoswine","Powder Snow","Avalanche","49.44","1183","23.93","109.34","100.99","79.59","109.08%","S-","","Mega Beedrill","Poison Jab","Sludge Bomb","49.73","1001","20.13","105.34","97.73","78.02","109.54%","S-","","Shadow Mewtwo","Confusion","Psystrike*","64.59","1685","26.09","145.98","134.55","105.36","118.33%","S","","Shadow Rampardos","Smack Down","Rock Slide","57.03","957","16.78","115.43","107.57","87.07","105.67%","S-","","Shadow Metagross","Bullet Punch","Meteor Mash*","55.09","1587","28.81","127.63","117.34","91.20","118.05%","S","","Primal Kyogre","Waterfall","Origin Pulse*","56.65","2592","45.76","147.34","133.91","100.52","134.93%","S+",""
"","Mega Pinsir","Bug Bite","X-Scissor","43.43","1320","30.39","101.97","93.63","72.48","101.56%","A","","Shadow Tyranitar","Bite","Brutal Swing","51.97","1601","30.81","122.45","112.39","86.91","116.80%","S","","Mega Garchomp","Dragon Tail","Outrage","34.69","1449","41.77","88.20","80.34","60.73","110.91%","S-","","Xurkitree","Thunder Shock","Discharge","50.20","1163","23.17","110.14","101.82","80.44","100.00%","A","","Shadow Gardevoir","Charm","Dazzling Gleam","45.76","1022","22.34","99.48","92.05","72.92","100.00%","A","","Mega Blaziken","Counter","Focus Blast","51.99","1354","26.03","117.45","108.26","84.78","102.60%","A","","Mega Charizard Y","Fire Spin","Blast Burn*","55.52","1758","31.66","131.69","120.79","93.22","111.91%","S-","","Rayquaza","Air Slash","Dragon Ascent*","56.27","1647","29.27","130.88","120.29","93.38","116.96%","S","","Mega Banette","Shadow Claw","Shadow Ball","33.66","724","21.49","72.47","67.12","53.33","103.39%","A","","Kartana","Razor Leaf","Leaf Blade","51.57","1086","21.05","110.47","102.37","81.46","100.00%","A","","Mega Garchomp","Mud Shot","Earth Power*","50.21","2097","41.78","127.64","116.27","87.88","109.18%","S-","","Shadow Weavile","Ice Shard","Avalanche","47.12","948","20.12","99.80","92.58","73.92","100.00%","A","","Mega Gengar","Hex","Sludge Bomb","45.78","1156","25.25","102.63","94.67","74.31","104.33%","A","","Mega Alakazam","Confusion","Psychic*","58.71","1456","24.80","131.02","120.91","95.03","106.73%","S-","","Mega Diancie","Rock Throw","Rock Slide","51.61","1361","26.37","116.95","107.76","84.31","102.32%","A","","Metagross","Bullet Punch","Meteor Mash*","45.41","1570","34.57","110.10","100.77","77.25","100.00%","A","","Mega Swampert","Water Gun","Hydro Cannon*","50.67","1966","38.81","126.47","115.42","87.72","116.30%","S",""
"","Pheromosa","Bug Bite","Bug Buzz","51.66","678","13.12","98.32","92.19","76.00","100.00%","A","","Mega Houndoom","Snarl","Foul Play","46.64","1326","28.43","107.69","99.04","77.05","102.93%","A","","Mega Salamence","Dragon Tail","Outrage*","31.62","1348","42.64","80.79","73.55","55.51","101.54%","A","","Mega Manectric","Thunder Fang","Wild Charge","48.97","1233","25.18","109.69","101.19","79.45","99.39%","A","","Enamorus - Incarnate ","Fairy Wind","Dazzling Gleam","45.08","1074","23.83","99.61","92.02","72.54","99.49%","A","","Mega Heracross","Counter","Close Combat","49.82","1687","33.86","120.18","110.05","84.50","102.27%","A","","Reshiram","Fire Fang","Fusion Flare*","48.66","1679","34.50","117.93","107.94","82.76","100.00%","A","","Shadow Moltres","Wing Attack","Sky Attack*","51.89","1306","25.16","116.21","107.21","84.17","104.24%","A","","Shadow Chandelure","Hex","Shadow Ball","34.33","665","19.37","72.01","66.87","53.54","103.00%","A","","Mega Venusaur","Vine Whip","Frenzy Plant*","43.59","1619","37.13","107.60","98.30","74.96","96.02%","A","","Shadow Groudon","Mud Shot","Precipice Blades*","52.47","1622","30.92","123.72","113.55","87.79","109.16%","S-","","Baxcalibur","Ice Fang","Avalanche","41.61","1277","30.69","97.94","89.91","69.55","97.11%","A","","Nihilego","Poison Jab","Sludge Bomb","40.99","1632","39.82","102.96","93.90","71.23","100.00%","A","","Mewtwo","Confusion","Psystrike*","53.12","1663","31.31","125.64","115.28","89.04","100.00%","A","","Shadow Rhyperior","Smack Down","Rock Wrecker*","49.10","1548","31.53","116.36","106.74","82.40","100.00%","A","","Shadow Excadrill","Metal Claw","Iron Head","46.94","1005","21.40","100.95","93.51","74.31","96.20%","A","","Shadow Kyogre","Waterfall","Origin Pulse*","53.05","1640","30.92","125.10","114.82","88.77","115.69%","S",""
"","Volcarona","Bug Bite","Bug Buzz","41.28","1245","30.15","96.74","88.84","68.81","96.37%","A","","Tyranitar","Bite","Brutal Swing","42.71","1579","36.97","105.31","96.22","73.40","100.00%","A","","Shadow Salamence","Dragon Tail","Outrage*","35.29","863","24.45","78.47","72.44","57.00","100.00%","A","","Zekrom","Charge Beam","Fusion Bolt*","45.41","1567","34.50","110.06","100.74","77.24","98.94%","A","","Mega Alakazam","Counter*","Dazzling Gleam*","42.19","1047","24.80","94.15","86.89","68.30","93.66%","B","","Terrakion","Double Kick","Sacred Sword*","49.09","1580","32.18","116.92","107.20","82.63","100.00%","A","","Mega Charizard X","Fire Spin","Blast Burn*","47.90","1523","31.80","113.75","104.33","80.49","96.66%","A","","Yveltal","Gust","Oblivion Wing*","45.86","1661","36.22","112.50","102.84","78.57","100.00%","A","","Shadow Gengar","Lick*","Shadow Ball","34.73","560","16.12","69.60","64.92","52.70","100.00%","A","","Shaymin (Sky)","Magical Leaf","Grass Knot","45.56","1374","30.15","106.76","98.05","75.94","93.23%","B","","Shadow Garchomp","Mud Shot","Earth Power*","48.20","1473","30.55","113.31","104.03","80.49","100.00%","A","","Galarian Darmanitan","Ice Fang","Avalanche","44.26","983","22.20","96.07","88.91","70.46","96.03%","A","","Shadow Toxicroak","Poison Jab","Sludge Bomb","43.90","789","17.97","90.40","84.10","67.72","95.07%","A","","Mega Latios","Zen Headbutt","Psychic","51.27","1867","36.42","125.94","115.12","87.91","98.73%","A","","Mega Tyranitar","Smack Down*","Stone Edge","43.77","2121","48.47","115.48","104.80","78.33","95.07%","A","","Dialga","Metal Claw","Iron Head","39.99","1380","34.50","96.92","88.71","68.02","88.05%","C","","Mega Blastoise","Water Gun","Hydro Cannon*","46.95","1667","35.50","114.60","104.82","80.20","105.62%","S-",""
"","Mega Beedrill","Bug Bite*","X-Scissor","44.29","892","20.13","93.82","87.03","69.48","94.41%","B","","Hydreigon","Bite","Brutal Swing*","43.78","1394","31.84","104.00","95.38","73.57","99.12%","A","","Shadow Garchomp","Dragon Tail","Outrage","33.15","1013","30.55","77.93","71.55","55.36","98.77%","A","","Shadow Electivire","Thunder Shock","Wild Charge","51.08","1031","20.18","108.25","100.42","80.16","98.62%","A","","Shadow Granbull","Charm","Play Rough","43.28","811","18.74","90.06","83.70","67.18","92.13%","B","","Shadow Machamp","Counter","Dynamic Punch","49.68","1110","22.34","108.00","99.93","79.17","95.81%","A","","Shadow Blaziken","Fire Spin","Blast Burn*","53.24","985","18.50","110.40","102.63","82.46","95.09%","A","","Shadow Staraptor","Gust*","Fly","52.70","1006","19.09","110.16","102.33","82.03","99.51%","A","","Shadow Mewtwo","Psycho Cut","Shadow Ball*","29.31","765","26.09","66.24","61.05","47.80","94.03%","B","","Shadow Sceptile","Bullet Seed","Frenzy Plant*","47.46","944","19.90","100.23","93.01","74.32","91.24%","B","","Shadow Excadrill","Mud Slap","Scorching Sands","52.16","1116","21.40","112.18","103.91","82.58","102.59%","A","","Mamoswine","Powder Snow","Avalanche","40.48","1162","28.71","93.70","86.15","66.97","93.05%","B","","Shadow Gengar","Lick*","Sludge Bomb","43.66","704","16.12","87.49","81.62","66.26","93.02%","B","","Mega Gallade","Confusion","Psychic","52.49","1642","31.28","124.14","113.91","87.98","98.81%","A","","Mega Aerodactyl","Rock Throw","Rock Slide","45.07","1443","32.01","107.21","98.31","75.81","92.00%","B","","Dialga (Origin) ","Metal Claw","Iron Head ","39.19","1436","36.64","96.43","88.13","67.27","87.07%","C","","Mega Gyarados","Waterfall","Hydro Pump","43.25","1816","42.00","110.09","100.27","75.76","101.04%","A",""
"","Mega Scizor","Fury Cutter","X-Scissor","38.96","1340","34.39","94.34","86.35","66.23","93.67%","B","","Mega Gyarados","Bite","Crunch","40.73","1711","42.00","103.68","94.43","71.34","98.13%","A","","Palkia (Origin) ","Dragon Tail","Spacial Rend*","32.42","1092","33.69","78.10","71.53","54.94","98.74%","A","","Shadow Zapdos","Thunder Shock*","Thunderbolt","47.93","1231","25.68","107.89","99.48","77.99","97.71%","A","","Xerneas","Geomancy*","Moonblast","38.20","1384","36.22","93.71","85.67","65.45","89.76%","C","","Keldeo","Low Kick","Sacred Sword","45.78","1473","32.18","109.02","99.96","77.05","93.25%","B","","Shadow Entei","Fire Fang","Overheat","48.16","1378","28.61","111.39","102.43","79.65","94.90%","B","","Mega Pidgeot","Gust*","Brave Bird","47.36","1312","27.69","108.65","99.99","77.95","97.23%","A","","Giratina (Origin)","Shadow Claw","Shadow Force*","26.01","1090","41.91","66.18","60.28","45.55","92.85%","B","","Zarude","Vine Whip","Power Whip","41.34","1636","39.58","103.69","94.58","71.78","88.11%","C","","Shadow Mamoswine","Mud Slap","High Horsepower","49.05","1174","23.93","108.48","100.20","78.97","98.10%","A","","Mega Glalie","Frost Breath","Avalanche","40.80","1062","26.03","92.15","84.94","66.52","91.75%","B","","Shadow Victreebel","Acid","Sludge Bomb","42.57","757","17.78","87.41","81.34","65.55","92.03%","B","","Mega Gardevoir","Confusion","Psychic","52.50","1636","31.16","124.04","113.82","87.94","98.77%","A","","Shadow Gigalith","Smack Down","Meteor Beam*","46.03","1225","26.61","104.54","96.31","75.30","91.39%","B","","Mega Aggron","Iron Tail","Heavy Slam","37.08","1665","44.90","95.98","87.27","65.61","84.92%","C","","Kyogre","Waterfall","Origin Pulse*","44.02","1633","37.10","108.63","99.24","75.68","100.00%","A",""
"","Shadow Pinsir","Bug Bite","X-Scissor","42.29","858","20.28","89.75","83.24","66.42","90.29%","B","","Shadow Weavile","Snarl","Foul Play","48.21","970","20.12","102.10","94.72","75.63","98.44%","A","","Shadow Dragonite","Dragon Tail","Outrage","33.19","916","27.59","76.07","70.01","54.59","96.65%","A","","Thundurus (Therian)","Volt Switch","Wildbolt Storm*","47.66","1182","24.80","106.35","98.15","77.14","96.39%","A","","Tapu Koko","Quick Attack","Natures Madness*","38.21","972","25.44","85.82","79.15","62.09","85.15%","C","","Mega Alakazam","Counter*","Focus Blast","47.31","1173","24.80","105.57","97.43","76.58","92.68%","B","","Shadow Moltres","Fire Spin","Overheat","49.44","1244","25.16","110.72","102.14","80.20","94.63%","B","","Shadow Ho-Oh","Hdn Power (Flying)","Brave Bird","44.87","1539","34.30","108.59","99.40","76.25","96.66%","A","","Mega Alakazam","Psycho Cut","Shadow Ball","28.21","700","24.80","62.96","58.10","45.67","89.49%","C","","Shadow Tangrowth","Vine Whip","Power Whip","43.85","1211","27.62","100.52","92.52","72.13","88.55%","C","","Landorus (Therian)","Mud Shot","Sandsear Storm*","46.21","1369","29.62","107.81","99.05","76.83","95.44%","A","","Shadow Mewtwo","Psycho Cut","Ice Beam","40.55","1058","26.09","91.65","84.47","66.14","91.24%","B","","Shadow Vileplume","Acid","Sludge Bomb","40.78","841","20.63","86.91","80.58","64.21","90.15%","B","","Mega Metagross","Zen Headbutt","Psychic","45.76","1979","43.25","117.35","106.80","80.52","90.43%","B","","Rampardos","Smack Down","Rock Slide","46.63","939","20.14","98.77","91.63","73.15","88.78%","C","","Mega Scizor","Bullet Punch","Iron Head","38.70","1331","34.39","93.70","85.77","65.78","85.15%","C","","Shadow Swampert","Water Gun","Hydro Cannon*","47.27","1247","26.37","107.13","98.71","77.23","99.46%","A",""
"","Shadow Scizor","Fury Cutter","X-Scissor","41.17","873","21.20","88.33","81.84","65.08","88.77%","C","","Mega Absol","Snarl","Dark Pulse","47.43","850","17.91","97.58","90.79","73.12","94.35%","B","","Mega Latios","Dragon Breath","Dragon Claw","30.91","1126","36.42","75.93","69.40","53.00","95.81%","A","","Shadow Magnezone","Spark","Wild Charge","47.74","1136","23.79","105.44","97.41","76.80","95.67%","A","","Gardevoir","Charm","Dazzling Gleam","37.75","1012","26.81","85.90","79.12","61.82","84.79%","D","","Shadow Hariyama","Counter","Dynamic Punch","46.86","1108","23.65","103.33","95.47","75.31","91.15%","B","","Apex Ho-Oh","Incinerate","Sacred Fire+*","46.06","1580","34.30","111.46","102.03","78.27","94.53%","B","","Shadow Honchkrow","Peck","Sky Attack","51.99","852","16.38","104.59","97.53","79.08","94.84%","B","","Darkrai","Snarl","Shadow Ball","27.46","759","27.64","62.97","57.95","45.18","89.26%","C","","Shadow Torterra","Razor Leaf","Frenzy Plant*","43.94","1192","27.12","100.26","92.32","72.08","88.49%","C","","Shadow Rhyperior","Mud Slap","Earthquake","45.44","1433","31.53","107.67","98.77","76.25","94.72%","B","","Mega Abomasnow","Powder Snow","Weather Ball Ice","38.23","1213","31.74","90.73","83.22","64.21","89.88%","C","","Roserade","Poison Jab","Sludge Bomb","39.82","940","23.60","87.75","81.09","63.97","89.81%","C","","Shadow Latios","Zen Headbutt","Psychic","50.75","1366","26.91","115.60","106.46","83.17","93.41%","B","","Shadow Tyranitar","Smack Down*","Stone Edge","43.72","1347","30.81","103.01","94.55","73.12","88.74%","C","","Shadow Scizor","Bullet Punch","Iron Head","40.67","862","21.20","87.27","80.85","64.30","83.24%","D","","Shadow Empoleon","Waterfall","Hydro Cannon*","46.48","1145","24.64","103.56","95.58","75.16","96.31%","A",""
"","Vikavolt","Bug Bite","X-Scissor","37.52","896","23.89","82.94","76.62","60.39","83.11%","D","","Darkrai","Snarl","Dark Pulse","42.52","1175","27.64","97.50","89.74","69.96","93.26%","B","","Dialga (Origin) ","Dragon Breath","Roar Of Time*","30.32","1111","36.64","74.60","68.18","52.04","94.11%","B","","Shadow Luxray","Spark","Wild Charge","47.84","970","20.27","101.52","94.16","75.14","92.48%","B","","Togekiss","Charm","Dazzling Gleam","35.95","1233","34.29","87.00","79.65","61.10","83.79%","D","","Lucario","Counter","Aura Sphere","46.93","968","20.63","100.03","92.74","73.90","89.44%","C","","Shadow Chandelure","Fire Spin","Overheat","51.87","1005","19.37","108.81","101.04","80.90","93.61%","B","","Apex Lugia","Extrasensory","Aeroblast+*","39.70","1865","46.99","103.94","94.40","70.73","91.79%","B","","Gholdengo","Hex","Shadow Ball","26.71","825","30.87","62.96","57.79","44.68","89.01%","C","","Shadow Venusaur","Vine Whip","Frenzy Plant*","44.86","1085","24.19","99.49","91.87","72.35","88.81%","C","","Groudon","Mud Shot","Precipice Blades*","43.62","1618","37.10","107.66","98.36","75.01","93.19%","B","","Glaceon","Frost Breath","Avalanche","37.94","1031","27.18","86.63","79.77","62.27","86.16%","C","","Shadow Skuntank","Poison Jab","Sludge Bomb","39.04","813","20.83","83.40","77.30","61.56","86.43%","C","","Hoopa (Unbound)","Confusion","Psychic","50.68","1362","26.88","115.38","106.27","83.02","93.24%","B","","Rhyperior","Smack Down","Rock Wrecker*","40.32","1526","37.84","100.00","91.31","69.53","84.39%","D","","Genesect","Metal Claw","Magnet Bomb","38.65","1085","28.07","88.96","81.84","63.73","82.50%","D","","Shadow Feraligatr","Water Gun","Hydro Cannon*","46.06","1152","25.01","103.00","95.04","74.65","95.76%","A",""
"","Yanmega","Bug Bite","Bug Buzz","36.91","942","25.51","82.95","76.50","60.00","82.98%","D","","Shadow Honchkrow","Snarl","Dark Pulse","46.77","766","16.38","94.10","87.74","71.15","91.19%","B","","Mega Latias","Dragon Breath","Outrage","28.25","1254","44.38","72.92","66.33","49.91","91.56%","B","","Mega Ampharos","Volt Switch","Zap Cannon","41.84","1405","33.58","100.72","92.25","70.87","90.60%","B","","Xurkitree","Thunder Shock","Dazzling Gleam","38.09","883","23.17","83.57","77.25","61.03","83.70%","D","","Mega Gallade","Low Kick","Close Combat","43.09","1348","31.28","101.91","93.50","72.22","87.41%","C","","Shadow Charizard","Fire Spin","Blast Burn*","48.80","1066","21.85","105.51","97.68","77.51","90.50%","B","","Moltres","Wing Attack","Sky Attack*","42.68","1289","30.20","100.05","91.88","71.16","89.34%","C","","Chandelure","Hex","Shadow Ball","28.33","658","23.24","62.19","57.49","45.41","88.55%","C","","Shadow Exeggutor","Bullet Seed","Solar Beam","42.53","932","21.91","92.02","85.18","67.58","82.96%","D","","Mega Swampert","Mud Shot","Earthquake","40.28","1563","38.81","100.54","91.75","69.74","86.64%","C","","Weavile","Ice Shard","Avalanche","38.76","936","24.14","85.90","79.33","62.48","85.69%","C","","Overqwil","Poison Jab","Sludge Bomb","37.12","1021","27.49","84.99","78.23","61.02","85.67%","C","","Shadow Alakazam","Confusion","Psychic*","53.86","913","16.95","109.28","101.82","82.35","92.48%","B","","Shadow Aerodactyl","Rock Throw","Rock Slide","42.80","883","20.63","91.22","84.57","67.40","81.80%","D","","Melmetal","Thunder Shock","Dble Iron Bash","36.35","1443","39.69","91.23","83.21","63.14","81.73%","D","","Shadow Gyarados","Waterfall","Hydro Pump","43.27","1162","26.85","98.49","90.71","70.88","91.40%","B",""
"","Genesect","Fury Cutter","X-Scissor","35.89","1008","28.07","82.62","76.01","59.19","82.45%","D","","Shadow Houndoom","Snarl","Foul Play","45.30","816","18.02","93.33","86.82","69.89","90.23%","B","","Shadow Latios","Dragon Breath","Dragon Claw","30.62","824","26.91","69.73","64.22","50.17","88.66%","C","","Raikou","Thunder Shock","Wild Charge","40.47","1309","32.35","96.51","88.48","68.17","86.90%","C","","Tapu Lele","Astonish ","Natures Madness*","36.82","1066","28.94","85.39","78.50","60.99","83.65%","D","","Shadow Blaziken","Counter","Focus Blast","46.54","861","18.49","96.50","89.71","72.08","87.24%","C","","Shadow Ho-Oh","Incinerate","Sacred Fire*","43.61","1496","34.30","105.53","96.61","74.11","89.50%","C","","Shadow Unfezant","Air Slash","Sky Attack","46.49","887","19.09","97.16","90.26","72.35","87.76%","C","","Mega Gardevoir","Magical Leaf","Shadow Ball","25.85","806","31.16","61.08","56.05","43.30","86.33%","C","","Roserade","Magical Leaf","Grass Knot","41.72","984","23.59","91.95","84.96","67.03","82.29%","D","","Shadow Golurk","Mud Slap","Earth Power","44.01","946","21.50","94.76","87.76","69.72","86.62%","C","","Mega Gardevoir","Charge Beam","Triple Axel","36.01","1122","31.16","85.07","78.06","60.32","84.32%","D","","Shadow Alolan Muk","Poison Jab","Gunk Shot","36.80","987","26.82","83.75","77.14","60.27","84.62%","D","","Shadow Metagross","Zen Headbutt","Psychic","48.55","1399","28.81","112.48","103.42","80.38","90.27%","B","","Terrakion","Smack Down","Rock Slide","39.65","1276","32.18","94.44","86.59","66.75","81.01%","D","","Excadrill","Metal Claw","Iron Head","38.57","990","25.68","86.82","80.05","62.75","81.23%","D","","Shadow Crawdaunt","Waterfall","Crabhammer","48.43","770","15.89","96.70","90.24","73.33","90.93%","B",""
"","Shadow Scyther","Fury Cutter","X-Scissor","38.45","769","20.01","81.33","75.46","60.27","81.85%","D","","Yveltal","Snarl","Dark Pulse","38.08","1379","36.23","93.42","85.40","65.24","88.75%","C","","Rayquaza","Dragon Tail","Outrage","29.71","870","29.27","69.11","63.51","49.30","87.68%","C","","Shadow Alolan Golem","Volt Switch","Wild Charge","42.81","1081","25.25","95.97","88.53","69.49","86.95%","C","","Shadow Alakazam","Counter*","Dazzling Gleam*","39.16","664","16.95","79.45","74.02","59.87","82.10%","D","","Shadow Toxicroak","Counter","Dynamic Punch","45.69","821","17.97","94.07","87.51","70.46","85.28%","C","","Mega Houndoom","Fire Fang","Flamethrower","45.48","1293","28.43","105.02","96.59","75.15","89.49%","C","","Staraptor","Gust*","Fly","43.28","992","22.91","94.68","87.55","69.22","85.13%","C","","Gengar","Lick*","Shadow Ball","28.62","554","19.35","60.02","55.74","44.63","85.85%","C","","Tapu Bulu","Bullet Seed","Grass Knot","39.12","1168","29.85","91.44","84.00","65.11","79.93%","D","","Excadrill","Mud Slap","Scorching Sands","42.73","1097","25.68","96.19","88.69","69.53","86.38%","C","","Shadow Articuno","Frost Breath","Ice Beam","34.89","1124","32.22","83.12","76.21","58.73","82.31%","D","","Shadow Muk","Poison Jab","Gunk Shot","36.80","987","26.82","83.75","77.14","60.27","84.62%","D","","Mega Latias","Zen Headbutt","Psychic","44.12","1958","44.39","113.88","103.58","77.93","87.53%","C","","Tyrantrum","Rock Throw","Meteor Beam","40.20","1195","29.73","93.88","86.24","66.87","81.16%","D","","Mega Aerodactyl","Steel Wing","Iron Head","36.59","1171","32.01","87.02","79.80","61.53","79.65%","E","","Kingler","Bubble","Crabhammer","42.91","940","21.90","92.82","85.93","68.17","86.58%","C",""
"","Centiskorch","Bug Bite","Bug Buzz","35.38","1020","28.81","81.98","75.37","58.58","81.76%","D","","Mega Gengar","Sucker Punch","Dark Pulse","41.14","1039","25.25","92.22","85.07","66.78","88.41%","C","","Palkia","Dragon Tail","Draco Meteor","28.43","926","32.56","67.91","62.24","47.93","85.92%","C","","Shadow Mewtwo","Psycho Cut","Thunderbolt","41.47","1082","26.09","93.73","86.39","67.65","84.85%","D","","Shadow Donphan","Charm","Play Rough","35.40","909","25.68","79.69","73.48","57.60","79.00%","E","","Conkeldurr","Counter","Dynamic Punch","42.51","1266","29.77","99.30","91.22","70.72","85.60%","C","","Shadow Typhlosion","Incinerate","Blast Burn*","47.71","1043","21.85","103.16","95.50","75.78","88.48%","C","","Shadow Lugia","Extrasensory","Aeroblast*","36.71","1725","46.99","96.12","87.30","65.40","84.89%","D","","Hoopa (Confined)","Astonish","Shadow Ball","26.46","697","26.35","59.96","55.25","43.23","85.10%","C","","Shadow A Exeggutor","Bullet Seed","Solar Beam","41.99","942","22.44","91.40","84.56","66.96","82.20%","D","","Garchomp","Mud Shot","Earth Power*","39.62","1453","36.66","97.50","89.11","68.01","84.50%","D","","Shadow Porygon-Z","Hidden Power (Ice)","Blizzard","37.84","769","20.33","80.35","74.52","59.45","80.49%","D","","Revaroom","Poison Jab","Gunk Shot","35.85","933","26.03","80.98","74.64","58.45","82.07%","D","","Shadow Exeggutor","Confusion","Psychic","48.11","1054","21.91","104.09","96.36","76.45","85.86%","C","","Shadow Aggron","Smack Down","Meteor Beam","39.96","1175","29.42","93.05","85.51","66.35","80.53%","D","","Jirachi","Charge Beam","Doom Desire","35.55","1332","37.47","87.94","80.33","61.21","79.24%","E","","Greninja","Bubble","Hydro Cannon*","42.63","944","22.14","92.47","85.58","67.84","86.24%","C",""
"","Frosmoth","Bug Bite","Bug Buzz","36.58","807","22.06","79.27","73.37","58.18","79.59%","E","","Guzzlord","Snarl","Brutal Swing","37.50","1350","36.00","91.86","83.99","64.19","87.28%","C","","Salamence","Dragon Tail","Outrage*","29.06","852","29.34","67.62","62.15","48.23","85.79%","C","","Electivire","Thunder Shock","Wild Charge","42.01","1017","24.21","93.19","86.05","67.76","84.52%","D","","Zacian - Hero","Quick Attack","Play Rough","33.62","1212","36.06","82.39","75.33","57.57","78.95%","E","","Mega Lopunny","Double Kick","Focus Blast","42.94","1215","28.29","99.03","91.09","70.90","85.80%","C","","Shadow Infernape","Fire Spin","Blast Burn*","49.10","933","19.01","102.52","95.24","76.37","88.24%","C","","Tornadus (Therian)","Gust","Bleakwind Storm*","40.80","1173","28.74","94.46","86.85","67.52","84.45%","D","","Hoopa (Unbound)","Astonish","Shadow Ball","26.02","699","26.88","59.24","54.56","42.62","84.03%","D","","Shadow Victreebel","Razor Leaf","Leaf Blade","43.05","766","17.78","88.41","82.27","66.30","81.39%","D","","Mamoswine","Mud Slap","High Horsepower","40.56","1165","28.71","93.89","86.33","67.11","83.38%","D","","Avalugg","Ice Fang","Avalanche","31.80","1300","40.88","80.41","73.29","55.48","79.16%","E","","Toxicroak","Poison Jab","Sludge Bomb","36.04","777","21.57","77.66","71.92","57.12","80.20%","D","","Lunala","Confusion","Psychic","42.60","1699","39.88","107.04","97.62","74.04","83.16%","D","","Gigalith","Smack Down","Meteor Beam*","38.15","1218","31.93","90.70","83.17","64.15","77.85%","E","","Shadow Aggron","Iron Tail","Heavy Slam","36.85","1084","29.42","85.82","78.86","61.20","79.22%","E","","Swampert","Water Gun","Hydro Cannon*","38.79","1227","31.65","91.99","84.38","65.12","85.02%","C",""
"","Shadow Galvantula","Fury Cutter","Bug Buzz","39.49","611","15.47","78.32","73.14","59.56","79.33%","E","","Shadow Absol","Snarl","Dark Pulse","45.95","639","13.90","88.72","83.07","68.19","86.33%","C","","Garchomp","Dragon Tail","Outrage","27.33","1002","36.66","67.24","61.45","46.90","84.83%","D","","Zapdos","Thunder Shock*","Thunderbolt","39.49","1217","30.81","93.03","85.39","66.03","83.87%","D","","Primarina","Charm","Moonblast","33.82","1010","29.88","79.06","72.62","56.29","77.20%","E","","Shadow Regigigas","Hdn Power","Focus Blast","40.91","1253","30.64","96.25","88.36","68.36","82.73%","D","","Heatran","Fire Spin","Magma Storm*","43.19","1531","35.44","105.37","96.38","73.75","89.29%","C","","Ho-Oh","Hdn Power (Flying)","Brave Bird","37.24","1533","41.16","94.34","85.96","65.05","83.59%","D","","Shadow Banette","Shadow Claw","Shadow Ball","29.86","431","14.43","58.19","54.44","44.56","83.85%","D","","Shaymin (Land)","Magical Leaf","Grass Knot","36.68","1375","37.48","90.75","82.89","63.17","77.55%","E","","Rhyperior","Mud Slap","Earthquake","37.72","1427","37.84","93.55","85.43","65.05","80.82%","D","","Shadow Regice","Frost Breath","Blizzard","32.11","1233","38.41","79.94","72.97","55.50","78.82%","E","","Shadow Drapion","Poison Sting","Sludge Bomb","34.50","810","23.47","75.92","70.16","55.38","77.75%","E","","Shadow Gallade","Confusion","Psychic","47.43","1060","22.35","103.12","95.41","75.58","84.89%","D","","Tyranitar","Smack Down*","Stone Edge","36.27","1341","36.98","89.44","81.72","62.34","75.66%","E","","Shadow Machamp","Bullet Punch","Heavy Slam","36.61","818","22.34","79.59","73.64","58.34","75.51%","E","","Mega Sharpedo","Waterfall","Hydro Pump","42.83","884","20.63","91.28","84.63","67.44","85.27%","C",""
"","Pinsir","Bug Bite","X-Scissor","34.92","850","24.33","77.56","71.61","56.37","77.68%","E","","Mega Sharpedo","Bite","Crunch","41.47","856","20.64","88.39","81.95","65.31","85.17%","C","","Zekrom","Dragon Breath","Outrage","27.52","949","34.50","66.69","61.04","46.80","84.26%","D","","Shadow Manectric","Thunder Fang","Wild Charge","46.57","715","15.36","92.18","86.10","70.15","84.56%","D","","Granbull","Charm","Play Rough","35.49","798","22.49","77.28","71.49","56.61","77.63%","E","","Pheromosa","Low Kick","Focus Blast","45.58","598","13.12","86.74","81.33","67.05","81.15%","D","","Volcarona","Fire Spin","Overheat","42.93","1295","30.15","100.61","92.39","71.56","85.60%","C","","Honchkrow","Peck","Sky Attack","42.29","831","19.65","89.05","82.66","66.11","80.37%","D","","Giratina (Altered)","Shadow Claw","Shadow Force*","21.83","1087","49.80","57.99","52.59","39.23","81.01%","D","","Chesnaught","Vine Whip","Frenzy Plant*","37.36","1243","33.28","89.73","82.20","63.20","77.59%","E","","Landorus (Incarnate)","Mud Shot","Earth Power","39.60","1191","30.08","92.73","85.16","65.98","81.97%","D","","Shadow Walrein","Frost Breath","Icicle Spear","34.57","981","28.39","79.80","73.40","57.11","79.28%","E","","Shadow Weezing","Acid","Sludge Bomb","35.01","764","21.82","75.66","70.05","55.59","78.04%","E","","Shadow Gardevoir","Confusion","Psychic","47.43","1060","22.35","103.12","95.41","75.58","84.89%","D","","Shadow Omastar","Rock Throw*","Rock Slide*","39.54","924","23.36","86.93","80.35","63.44","76.99%","E","","Shadow Empoleon","Metal Claw","Flash Cannon","35.71","880","24.64","79.55","73.43","57.74","74.74%","F","","Samurott","Waterfall","Hydro Cannon*","39.20","1081","27.57","89.83","82.68","64.47","83.31%","D",""
"","Escavalier","Bug Bite","Megahorn","34.05","893","26.21","77.04","71.00","55.57","77.02%","E","","Weavile","Snarl","Foul Play","39.81","961","24.14","88.23","81.48","64.18","84.68%","D","","Dragonite","Dragon Tail","Outrage","27.39","907","33.11","65.70","60.19","46.30","83.09%","D","","Magnezone","Spark","Wild Charge","39.39","1125","28.55","91.04","83.73","65.12","82.23%","D","","Sylveon","Charm","Dazzling Gleam","32.86","1159","35.27","80.09","73.26","56.08","76.91%","E","","Machamp","Counter","Dynamic Punch","40.87","1096","26.81","92.99","85.65","66.93","81.00%","D","","Shadow Magmortar","Fire Spin","Fire Punch","44.96","953","21.20","96.46","89.37","71.08","82.80%","D","","Braviary","Air Slash","Fly","40.38","1123","27.81","92.73","85.33","66.49","82.97%","D","","Typhlosion (Hisuian) ","Hex","Shadow Ball","25.34","631","24.92","56.61","52.24","41.04","80.46%","D","","Meowscarada","Leafage","Grass Knot","40.53","936","23.08","88.84","82.13","64.90","79.68%","E","","Shadow Donphan","Mud Slap","Earthquake","40.23","1033","25.68","90.55","83.50","65.46","81.32%","D","","Shadow Piloswine","Ice Shard","Avalanche","37.14","789","21.24","79.74","73.87","58.74","79.79%","E","","Shadow Nidoking","Poison Jab","Sludge Wave","35.56","725","20.37","75.56","70.07","55.89","78.47%","E","","Shadow Latias","Zen Headbutt","Psychic","43.20","1337","30.94","101.89","93.51","72.29","81.19%","D","","Shadow A Golem","Rock Throw","Stone Edge","38.17","964","25.25","85.55","78.92","61.95","75.18%","E","","Mega Steelix","Iron Tail","Heavy Slam","32.22","1499","46.52","84.16","76.45","57.32","74.20%","F","","Empoleon","Waterfall","Hydro Cannon*","38.14","1128","29.57","88.95","81.73","63.40","82.35%","D",""
"","Scizor","Fury Cutter","X-Scissor","33.98","864","25.44","76.30","70.37","55.21","76.33%","E","","Zarude","Bite","Dark Pulse","35.42","1402","39.58","88.85","81.04","61.50","84.22%","D","","Shadow Latias","Dragon Breath","Outrage","27.67","856","30.94","65.27","59.90","46.31","82.69%","D","","Shadow Zebstrika","Spark","Wild Charge","44.25","757","17.12","90.00","83.83","67.75","82.33%","D","","Shadow Ursaring","Counter","Play Rough","35.72","729","20.41","75.92","70.41","56.15","77.01%","E","","Breloom","Counter","Dynamic Punch","41.79","784","18.76","86.96","80.82","64.87","78.50%","E","","Darmanitan","Fire Fang","Overheat","44.75","993","22.20","97.13","89.89","71.24","83.27%","D","","Galarian Moltres","Wing Attack","Brave Bird","34.00","1289","37.90","84.36","77.03","58.65","74.91%","E","","Shadow Mismagius","Hex","Shadow Ball","27.14","539","19.86","57.29","53.17","42.49","81.89%","D","","Tsareena","Magical Leaf","Grass Knot","38.45","1070","27.84","88.33","81.28","63.33","77.75%","E","","Shadow Golem","Mud Slap","Earthquake","39.43","996","25.25","88.39","81.54","64.00","79.51%","E","","Shadow Cloyster","Frost Breath","Avalanche","35.87","855","23.82","79.25","73.22","57.72","79.08%","E","","Victreebel","Acid","Sludge Bomb","34.95","746","21.34","75.11","69.57","55.30","77.65%","E","","Latios","Zen Headbutt","Psychic","41.82","1351","32.29","99.69","91.40","70.43","79.10%","E","","Shadow Golem","Rock Throw","Stone Edge","38.17","964","25.25","85.55","78.92","61.95","75.18%","E","","Shadow Hariyama","Bullet Punch","Heavy Slam","34.60","818","23.65","76.31","70.51","55.62","71.99%","F","","Feraligatr","Water Gun","Hydro Cannon*","37.87","1136","30.01","88.63","81.40","63.07","82.02%","D",""
"","Scyther","Fury Cutter","Bug Buzz","34.32","824","24.01","75.97","70.17","55.28","76.11%","E","","Shadow Shiftry","Snarl","Foul Play","41.62","727","17.46","85.08","79.21","63.91","82.31%","D","","Dialga","Dragon Breath","Draco Meteor","26.87","927","34.50","65.11","59.60","45.70","82.27%","D","","Shadow Arcanine","Thunder Fang","Wild Charge","40.44","940","23.24","88.79","82.08","64.83","80.61%","D","","Mega Banette","Hex","Dazzling Gleam","34.76","747","21.50","74.84","69.31","55.07","75.52%","E","","Buzzwole","Counter","Superpower","37.77","1284","33.98","91.19","83.49","64.09","77.57%","E","","Shadow Arcanine","Fire Fang","Flamethrower","44.52","1035","23.24","97.74","90.35","71.36","83.71%","D","","Unfezant","Air Slash","Sky Attack","38.11","873","22.90","83.37","77.09","60.95","74.96%","E","","Shadow Raikou","Thunder Shock","Shadow Ball","25.07","676","26.96","57.14","52.62","41.10","81.05%","D","","Shadow Ho-Oh","Hdn Power (Grass)","Solar Beam","36.44","1250","34.30","88.19","80.73","61.93","76.02%","E","","Shadow Flygon","Mud Shot","Scorching Sands","39.25","852","21.70","84.71","78.44","62.28","77.37%","E","","Mewtwo","Psycho Cut","Ice Beam","33.24","1041","31.31","78.62","72.14","55.72","77.92%","E","","Gengar","Lick*","Sludge Bomb","35.73","691","19.35","74.94","69.59","55.72","78.23%","E","","Hoopa (Confined)","Confusion","Psychic","42.99","1133","26.35","97.40","89.75","70.22","78.87%","E","","Mega Aggron","Smack Down","Meteor Beam","33.90","1522","44.90","87.75","79.79","59.98","72.80%","F","","Shadow Entei","Fire Fang","Iron Head","32.85","940","28.61","75.98","69.87","54.33","70.33%","F","","Volcanion","Water Gun","Hydro Pump","36.54","1201","32.86","87.49","80.18","61.70","80.79%","D",""
"","Heracross","Struggle Bug","Megahorn","32.62","900","27.60","74.77","68.82","53.66","74.65%","F","","Zoroark","Snarl","Foul Play","41.34","693","16.75","83.64","77.95","63.10","81.01%","D","","Reshiram","Dragon Breath","Draco Meteor","26.87","927","34.50","65.11","59.60","45.70","82.27%","D","","Luxray","Spark","Wild Charge","39.31","956","24.33","87.30","80.61","63.45","79.17%","E","","Tapu Bulu","Bullet Seed","Dazzling Gleam","31.92","953","29.85","74.62","68.54","53.13","72.87%","F","","Galarian Zapdos","Counter","Close Combat","38.50","1210","31.43","91.16","83.63","64.57","78.15%","E","","Blaziken","Fire Spin","Blast Burn*","43.66","969","22.19","94.77","87.70","69.51","81.25%","D","","Tornadus (Incarnate)","Air Slash","Hurricane","37.14","937","25.22","83.22","76.77","60.27","74.65%","F","","Mewtwo","Psycho Cut","Shadow Ball*","24.03","752","31.31","56.85","52.16","40.29","80.34%","D","","Shadow Meganium","Magical Leaf","Frenzy Plant*","38.86","1000","25.73","87.51","80.69","63.24","77.64%","E","","Shadow Swampert","Mud Shot","Earthquake","36.58","965","26.37","82.90","76.39","59.76","74.24%","F","","Shadow Abomasnow","Powder Snow","Weather Ball Ice","35.96","799","22.21","78.06","72.24","57.25","78.02%","E","","Vileplume","Acid","Sludge Bomb","33.59","832","24.76","74.92","69.15","54.36","76.31%","E","","Metagross","Zen Headbutt","Psychic","40.04","1384","34.57","97.09","88.86","68.12","76.51%","E","","Aurorus","Rock Throw","Meteor Beam","34.42","1191","34.59","83.47","76.39","58.56","71.08%","F","","Zacian - Hero","Metal Claw","Iron Head","30.84","1112","36.06","75.57","69.09","52.80","68.35%","F","","Shadow Blastoise","Water Gun","Hydro Cannon*","38.64","1007","26.06","87.30","80.47","63.01","81.08%","D",""
"","Golisopod","Fury Cutter","X-Scissor","31.23","1024","32.78","74.72","68.48","52.71","74.28%","F","","Shadow Sharpedo","Bite","Crunch","45.33","480","10.60","81.79","77.10","64.59","80.13%","D","","Haxorus","Dragon Tail","Breaking Swipe*","28.82","740","25.69","64.88","59.82","46.89","82.58%","D","","Tapu Koko","Volt Switch","Thunderbolt","38.51","979","25.43","86.47","79.75","62.57","78.33%","E","","","","","","","","0.00","","","","#DIV/0!","","Cobalion","Double Kick","Sacred Sword*","36.64","1390","37.93","90.92","83.02","63.21","76.50%","E","","Chandelure","Fire Spin","Overheat","43.27","1006","23.24","95.01","87.83","69.37","81.37%","D","","Hisuian Braviary","Air Slash","Brave Bird","35.36","959","27.11","80.68","74.29","58.00","72.24%","F","","Shadow Drifblim","Hex","Shadow Ball","25.87","572","22.13","56.10","51.92","41.16","79.97%","D","","Xurkitree","Thunder Shock","Power Whip","39.61","918","23.17","86.89","80.33","63.46","77.90%","E","","Krookodile","Mud Slap","Earthquake","35.82","994","27.73","82.21","75.65","58.97","73.26%","F","","Jynx","Frost Breath","Avalanche","36.44","747","20.50","77.54","71.90","57.32","77.66%","E","","Scolipede","Poison Jab","Sludge Bomb","33.82","758","22.42","73.59","68.09","53.92","75.70%","E","","Espeon","Confusion","Psychic","43.03","1010","23.47","94.71","87.52","69.08","77.58%","E","","Aggron","Smack Down","Meteor Beam","33.23","1173","35.30","80.99","74.09","56.71","68.83%","F","","Zamazenta - Hero","Metal Claw","Iron Head","30.84","1112","36.06","75.57","69.09","52.80","68.35%","F","","Mega Slowbro","Water Gun","Surf*","33.80","1485","43.92","87.02","79.17","59.62","79.78%","E",""
"","Accelgor","Infestation","Bug Buzz","35.10","674","19.21","73.47","68.24","54.67","74.02%","F","","Shadow Alolan Muk","Snarl","Dark Pulse","35.86","962","26.82","81.61","75.17","58.74","78.12%","E","","Mega Gyarados","Dragon Tail","Outrage","24.97","1049","42.00","63.57","57.90","43.74","79.92%","D","","Vikavolt","Spark","Discharge","38.75","926","23.89","85.67","79.14","62.37","77.72%","E","","","","","","","","0.00","","","","#DIV/0!","","Virizion","Double Kick","Sacred Sword*","36.64","1390","37.93","90.92","83.02","63.21","76.50%","E","","Shadow Salamence","Fire Fang","Fire Blast","42.64","1043","24.45","94.82","87.54","68.88","81.10%","D","","Bombirdier","Wing Attack","Fly","35.32","857","24.27","78.40","72.39","56.99","70.39%","F","","Lunala","Air Slash","Shadow Ball","22.53","899","39.88","56.63","51.64","39.17","79.54%","E","","Celebi","Magical Leaf","Leaf Storm","35.25","1321","37.48","87.22","79.67","60.71","74.53%","F","","Golurk","Mud Slap","Earth Power","36.20","934","25.80","81.58","75.22","58.94","73.23%","F","","Kyurem","Dragon Breath","Glaciate*","32.48","1084","33.38","78.07","71.51","54.97","77.24%","E","","Alolan Muk","Poison Jab","Gunk Shot","30.55","983","32.19","72.76","66.71","51.42","72.19%","F","","Mega Slowbro","Confusion","Psychic","36.94","1623","43.92","95.09","86.51","65.14","73.16%","F","","Shadow Regirock","Rock Throw","Stone Edge","32.52","1249","38.41","80.95","73.89","56.21","68.21%","F","","Scizor","Bullet Punch","Iron Head","33.59","854","25.43","75.44","69.58","54.58","70.65%","F","","Clawitzer","Water Gun","Crabhammer","39.10","954","24.40","86.90","80.23","63.14","80.84%","D",""
"","KEY","","","","","","","","","","","","","","","","","","","","","","","","","","","","","","","","","","","","","","","","","","","","","","","","","","","","","","","","","","","","","","","","","","","","","","","","","","","","","","","","","","","","","","","","","","","","","","","","","","","","","","","","","","","","","","","","","","","","","","","","","","","","","","","","","","","","","","","","","","","","","","","","","","","","","","","","","","","","","","","","","","","","","","","","","","","","","","","","","","","","","","","","","","","","","","","","","","","","","","","","","","",""
"","DPS","Damage dealt by a Pokemon over one second","","","","","","","","","","","ER","Equivalent Rating -  4th power root of DPS^3*TDO","","","","","","","","","","","RANK","EER or TER divided by Baseline Pokemon EER or TER","","","","","","","","","","","","","","","","","","","","","","","","","","","","","","","","","","","","","","","","","","","","","","","","","","","","","","","","","","","","","","","","","","","","","","","","","","","","","","","","","","","","","","","","","","","","","","","","","","","","","","","","","","","","","","","","","","","","","","","","","","","","","","","","","","","","","","","","","","","","","","","","","","","","","","","","","","","","","","","","","","","","","","","","","","","","","","","","","",""
"","TDO","Total damage ouput","","","","","","","","","","","EER","Bulk is more important for the type","","","","","","","","","","","100%","Baseline Pokemon (Every Pokemon is compared to this)","","","","","","","","","","","","","","","","","","","","","","","","","","","","","","","","","","","","","","","","","","","","","","","","","","","","","","","","","","","","","","","","","","","","","","","","","","","","","","","","","","","","","","","","","","","","","","","","","","","","","","","","","","","","","","","","","","","","","","","","","","","","","","","","","","","","","","","","","","","","","","","","","","","","","","","","","","","","","","","","","","","","","","","","","","","","","","","","","",""
"","TOF","Time on Field/in Raid","","","","","","","","","","","TER","DPS is more important for the type","","","","","","","","","","","*","Legacy Move","","","","","","","","","","","","","","","","","","","","","","","","","","","","","","","","","","","","","","","","","","","","","","","","","","","","","","","","","","","","","","","","","","","","","","","","","","","","","","","","","","","","","","","","","","","","","","","","","","","","","","","","","","","","","","","","","","","","","","","","","","","","","","","","","","","","","","","","","","","","","","","","","","","","","","","","","","","","","","","","","","","","","","","","","","","","","","","","","",""